AudioTime[s]	MeasId	WavId	Sensor 1 Id	Sensor 1 Status	X[mm]	Y[mm]	Z[mm]	Q0	Qx	Qy	Qz	Sensor 3 Id	Sensor 3 Status	X[mm]	Y[mm]	Z[mm]	Q0	Qx	Qy	Qz	Sensor 4 Id	Sensor 4 Status	X[mm]	Y[mm]	Z[mm]	Q0	Qx	Qy	Qz	Sensor 5 Id	Sensor 5 Status	X[mm]	Y[mm]	Z[mm]	Q0	Qx	Qy	Qz	Sensor 6 Id	Sensor 6 Status	X[mm]	Y[mm]	Z[mm]	Q0	Qx	Qy	Qz	Sensor 7 Id	Sensor 7 Status	X[mm]	Y[mm]	Z[mm]	Q0	Qx	Qy	Qz	Sensor 8 Id	Sensor 8 Status	X[mm]	Y[mm]	Z[mm]	Q0	Qx	Qy	Qz	Sensor 9 Id	Sensor 9 Status	X[mm]	Y[mm]	Z[mm]	Q0	Qx	Qy	Qz	Sensor 10 Id	Sensor 10 Status	X[mm]	Y[mm]	Z[mm]	Q0	Qx	Qy	Qz	Sensor 11 Id	Sensor 11 Status	X[mm]	Y[mm]	Z[mm]	Q0	Qx	Qy	Qz	Sensor 12 Id	Sensor 12 Status	X[mm]	Y[mm]	Z[mm]	Q0	Qx	Qy	Qz	Sensor 13 Id	Sensor 13 Status	X[mm]	Y[mm]	Z[mm]	Q0	Qx	Qy	Qz	Sensor 14 Id	Sensor 14 Status	X[mm]	Y[mm]	Z[mm]	Q0	Qx	Qy	Qz	Sensor 15 Id	Sensor 15 Status	X[mm]	Y[mm]	Z[mm]	Q0	Qx	Qy	Qz	Sensor 16 Id	Sensor 16 Status	X[mm]	Y[mm]	Z[mm]	Q0	Qx	Qy	Qz
0.019300	7.000000	425.000000	0.000000	55.000000	45.170494	68.635109	-169.453570	0.343153	-0.824749	-0.230190	0.386067	2.000000	119.000000								3.000000	119.000000								4.000000	119.000000								5.000000	119.000000								6.000000	55.000000								7.000000	119.000000								8.000000	55.000000	42.174442	65.666275	-195.279330	0.737018	0.673088	-0.061294	0.000000	9.000000	55.000000	-44.957012	-47.171467	-95.567772	0.404763	0.904655	0.133288	-0.000000	10.000000	55.000000	-50.164200	-69.920563	-224.652080	0.949647	-0.143924	0.278311	0.000000	11.000000	55.000000								12.000000	119.000000								13.000000	55.000000	-85.604263	76.683891	-161.882710	0.682612	-0.100002	0.723906	-0.000000	14.000000	55.000000	-84.579964	68.750153	-208.544010	0.742728	-0.175430	0.646204	0.000000	15.000000	55.000000	-88.637604	94.037613	-190.681260	0.701460	-0.118299	0.702822	-0.000000
0.029300	8.000000	645.000000	0.000000	55.000000	45.153988	68.697815	-169.503660	0.343535	-0.824531	-0.230092	0.386250	2.000000	119.000000								3.000000	119.000000								4.000000	119.000000								5.000000	119.000000								6.000000	55.000000								7.000000	119.000000								8.000000	55.000000	42.170460	65.731209	-195.304660	0.737016	0.673099	-0.061198	0.000000	9.000000	55.000000	-44.983437	-47.101776	-95.555641	0.404728	0.904769	0.132620	-0.000000	10.000000	55.000000	-50.159744	-69.792992	-224.702440	0.949692	-0.143639	0.278304	0.000000	11.000000	55.000000								12.000000	119.000000								13.000000	55.000000	-85.600174	76.685013	-161.958050	0.682612	-0.100160	0.723884	0.000000	14.000000	55.000000	-84.640930	68.760269	-208.585680	0.742598	-0.175572	0.646314	0.000000	15.000000	55.000000	-88.648628	94.083359	-190.726000	0.701379	-0.118202	0.702919	0.000000
0.039200	9.000000	865.000000	0.000000	55.000000	45.140350	68.752304	-169.583480	0.343167	-0.824632	-0.230206	0.386295	2.000000	119.000000								3.000000	119.000000								4.000000	119.000000								5.000000	119.000000								6.000000	55.000000								7.000000	119.000000								8.000000	55.000000	42.150822	65.770897	-195.404560	0.737103	0.673018	-0.061044	-0.000000	9.000000	55.000000	-44.984642	-47.089268	-95.575371	0.404806	0.904613	0.133442	0.000000	10.000000	55.000000	-50.086067	-69.776611	-224.716450	0.949759	-0.143882	0.277949	0.000000	11.000000	55.000000								12.000000	119.000000								13.000000	55.000000	-85.635399	76.788589	-162.050540	0.682548	-0.100151	0.723946	0.000000	14.000000	55.000000	-84.571701	68.855011	-208.605680	0.742734	-0.175201	0.646259	0.000000	15.000000	55.000000	-88.737778	94.206192	-190.847750	0.701236	-0.118268	0.703051	-0.000000
0.049200	10.000000	1085.000000	0.000000	55.000000	45.118732	68.806137	-169.626450	0.342941	-0.824653	-0.230339	0.386371	2.000000	119.000000								3.000000	119.000000								4.000000	119.000000								5.000000	119.000000								6.000000	55.000000								7.000000	119.000000								8.000000	55.000000	42.081387	65.789139	-195.436680	0.737214	0.672917	-0.060813	0.000000	9.000000	55.000000	-44.945496	-46.996979	-95.596687	0.404573	0.904786	0.132980	0.000000	10.000000	55.000000	-50.114872	-69.682861	-224.787050	0.949735	-0.143555	0.278199	0.000000	11.000000	55.000000								12.000000	119.000000								13.000000	55.000000	-85.635941	76.845482	-162.085820	0.682512	-0.100092	0.723988	0.000000	14.000000	55.000000	-84.590744	68.885971	-208.674150	0.742715	-0.175275	0.646261	0.000000	15.000000	55.000000	-88.745338	94.225273	-190.899200	0.701217	-0.118307	0.703064	0.000000
0.059200	11.000000	1306.000000	0.000000	55.000000	45.100456	68.853676	-169.692210	0.342868	-0.824601	-0.230392	0.386515	2.000000	119.000000								3.000000	119.000000								4.000000	119.000000								5.000000	119.000000								6.000000	55.000000								7.000000	119.000000								8.000000	55.000000	42.080498	65.823425	-195.482090	0.737253	0.672883	-0.060722	0.000000	9.000000	55.000000	-45.026852	-47.060310	-95.483253	0.404190	0.905031	0.132472	0.000000	10.000000	55.000000	-50.161896	-69.547447	-224.823180	0.949704	-0.142985	0.278600	0.000000	11.000000	55.000000								12.000000	119.000000								13.000000	55.000000	-85.640663	76.840508	-162.113140	0.682443	-0.100195	0.724039	0.000000	14.000000	55.000000	-84.584320	68.979233	-208.734760	0.742764	-0.175068	0.646260	-0.000000	15.000000	55.000000	-88.759277	94.305305	-190.893920	0.701163	-0.118309	0.703117	-0.000000
0.069200	12.000000	1526.000000	0.000000	55.000000	45.096230	68.887688	-169.768040	0.342440	-0.824747	-0.230459	0.386544	2.000000	119.000000								3.000000	119.000000								4.000000	119.000000								5.000000	119.000000								6.000000	55.000000								7.000000	119.000000								8.000000	55.000000	42.091457	65.865578	-195.545200	0.737281	0.672854	-0.060698	0.000000	9.000000	55.000000	-45.010208	-47.045441	-95.518967	0.404341	0.904946	0.132596	0.000000	10.000000	55.000000	-50.162182	-69.462105	-224.817810	0.949696	-0.142717	0.278765	0.000000	11.000000	55.000000								12.000000	119.000000								13.000000	55.000000	-85.667381	76.871696	-162.185560	0.682381	-0.100373	0.724073	0.000000	14.000000	55.000000	-84.616203	69.010887	-208.820500	0.742707	-0.175224	0.646284	0.000000	15.000000	55.000000	-88.788139	94.364563	-190.901930	0.701039	-0.118258	0.703249	0.000000
0.079200	13.000000	1746.000000	0.000000	55.000000	45.094376	68.891632	-169.834560	0.341981	-0.824940	-0.230409	0.386567	2.000000	119.000000								3.000000	119.000000								4.000000	119.000000								5.000000	119.000000								6.000000	55.000000								7.000000	119.000000								8.000000	55.000000	42.109344	65.900574	-195.588700	0.737301	0.672835	-0.060668	0.000000	9.000000	55.000000	-44.984867	-47.021820	-95.552361	0.404434	0.904887	0.132714	0.000000	10.000000	55.000000	-50.193027	-69.489662	-224.851290	0.949592	-0.143035	0.278954	-0.000000	11.000000	55.000000								12.000000	119.000000								13.000000	55.000000	-85.662727	76.901817	-162.202510	0.682345	-0.100388	0.724105	0.000000	14.000000	55.000000	-84.654663	69.131355	-208.904070	0.742661	-0.174985	0.646402	0.000000	15.000000	55.000000	-88.776253	94.397545	-190.963610	0.701063	-0.118269	0.703224	-0.000000
0.089200	14.000000	1966.000000	0.000000	55.000000	45.063457	68.915985	-169.890110	0.341682	-0.824977	-0.230467	0.386719	2.000000	119.000000								3.000000	119.000000								4.000000	119.000000								5.000000	119.000000								6.000000	55.000000								7.000000	119.000000								8.000000	55.000000	42.107216	65.928368	-195.574710	0.737314	0.672825	-0.060611	-0.000000	9.000000	55.000000	-44.959091	-46.995533	-95.587929	0.404506	0.904824	0.132922	-0.000000	10.000000	55.000000	-50.286964	-69.501205	-224.842000	0.949435	-0.143267	0.279369	-0.000000	11.000000	55.000000								12.000000	119.000000								13.000000	55.000000	-85.658928	76.904190	-162.232300	0.682329	-0.100550	0.724098	0.000000	14.000000	55.000000	-84.659821	69.116302	-208.925550	0.742618	-0.175079	0.646425	0.000000	15.000000	55.000000	-88.776917	94.393562	-190.992390	0.701024	-0.118225	0.703270	0.000000
0.099200	15.000000	2187.000000	0.000000	55.000000	45.068672	68.961960	-169.916050	0.341318	-0.825106	-0.230663	0.386647	2.000000	119.000000								3.000000	119.000000								4.000000	119.000000								5.000000	119.000000								6.000000	55.000000								7.000000	119.000000								8.000000	55.000000	42.109455	65.949699	-195.637020	0.737363	0.672771	-0.060619	0.000000	9.000000	55.000000	-44.945850	-46.958996	-95.615189	0.404498	0.904823	0.132957	-0.000000	10.000000	55.000000	-50.262074	-69.545219	-224.874910	0.949413	-0.143658	0.279243	-0.000000	11.000000	55.000000								12.000000	119.000000								13.000000	55.000000	-85.649956	76.873558	-162.254710	0.682297	-0.100751	0.724099	0.000000	14.000000	55.000000	-84.664780	69.127312	-208.912860	0.742517	-0.175135	0.646526	0.000000	15.000000	55.000000	-88.791252	94.437645	-191.030940	0.700991	-0.118313	0.703288	0.000000
0.109200	16.000000	2407.000000	0.000000	55.000000	45.071404	68.996956	-169.954270	0.341176	-0.825149	-0.230672	0.386676	2.000000	119.000000								3.000000	119.000000								4.000000	119.000000								5.000000	119.000000								6.000000	55.000000								7.000000	119.000000								8.000000	55.000000	42.125538	65.963654	-195.691540	0.737422	0.672705	-0.060628	-0.000000	9.000000	55.000000	-44.933750	-46.921272	-95.634735	0.404506	0.904832	0.132869	0.000000	10.000000	55.000000	-50.376156	-69.631256	-224.859770	0.949147	-0.144364	0.279784	-0.000000	11.000000	55.000000								12.000000	119.000000								13.000000	55.000000	-85.679535	76.972549	-162.282790	0.682206	-0.100670	0.724196	0.000000	14.000000	55.000000	-84.739296	69.209969	-208.971070	0.742372	-0.175187	0.646678	-0.000000	15.000000	55.000000	-88.827919	94.474014	-191.038860	0.700888	-0.118366	0.703381	0.000000
0.119200	17.000000	2628.000000	0.000000	55.000000	45.055988	69.030708	-169.984820	0.341375	-0.825007	-0.230622	0.386834	2.000000	119.000000								3.000000	119.000000								4.000000	119.000000								5.000000	119.000000								6.000000	55.000000								7.000000	119.000000								8.000000	55.000000	42.149891	65.986153	-195.744030	0.737449	0.672671	-0.060680	0.000000	9.000000	55.000000	-44.934124	-46.882587	-95.648239	0.404496	0.904859	0.132715	0.000000	10.000000	55.000000	-50.386646	-69.679352	-224.884930	0.949067	-0.144767	0.279848	0.000000	11.000000	55.000000								12.000000	119.000000								13.000000	55.000000	-85.717178	77.036034	-162.316020	0.682095	-0.100666	0.724301	-0.000000	14.000000	55.000000	-84.700150	69.215057	-208.975950	0.742427	-0.175144	0.646627	-0.000000	15.000000	55.000000	-88.805206	94.463585	-191.026050	0.700891	-0.118479	0.703359	0.000000
0.129200	18.000000	2848.000000	0.000000	55.000000	45.042728	69.025803	-170.033490	0.341233	-0.825053	-0.230485	0.386942	2.000000	119.000000								3.000000	119.000000								4.000000	119.000000								5.000000	119.000000								6.000000	55.000000								7.000000	119.000000								8.000000	55.000000	42.206062	66.014359	-195.805530	0.737456	0.672656	-0.060766	0.000000	9.000000	55.000000	-44.928436	-46.846584	-95.666962	0.404471	0.904889	0.132585	0.000000	10.000000	55.000000	-50.378712	-69.742317	-224.940160	0.949037	-0.145082	0.279784	0.000000	11.000000	55.000000								12.000000	119.000000								13.000000	55.000000	-85.747162	77.126282	-162.342800	0.681991	-0.100551	0.724416	0.000000	14.000000	55.000000	-84.648445	69.214279	-208.978550	0.742461	-0.175147	0.646587	-0.000000	15.000000	55.000000	-88.797531	94.381805	-191.067020	0.700883	-0.118828	0.703308	-0.000000
0.139200	19.000000	3069.000000	0.000000	55.000000	45.047039	69.020073	-170.095730	0.341232	-0.825074	-0.230282	0.387019	2.000000	119.000000								3.000000	119.000000								4.000000	119.000000								5.000000	119.000000								6.000000	55.000000								7.000000	119.000000								8.000000	55.000000	42.131187	66.006691	-195.839540	0.737548	0.672569	-0.060608	-0.000000	9.000000	55.000000	-44.932301	-46.812168	-95.683151	0.404461	0.904937	0.132293	-0.000000	10.000000	55.000000	-50.431183	-69.589134	-225.039400	0.949059	-0.144323	0.280105	-0.000000	11.000000	55.000000								12.000000	119.000000								13.000000	55.000000	-85.705330	77.129303	-162.340760	0.682033	-0.100475	0.724386	0.000000	14.000000	55.000000	-84.664528	69.231209	-209.068010	0.742438	-0.175195	0.646601	-0.000000	15.000000	55.000000	-88.735947	94.298424	-191.053220	0.700929	-0.118842	0.703261	-0.000000
0.149200	20.000000	3289.000000	0.000000	55.000000	45.066158	69.028831	-170.146090	0.341112	-0.825161	-0.230193	0.386992	2.000000	119.000000								3.000000	119.000000								4.000000	119.000000								5.000000	119.000000								6.000000	55.000000								7.000000	119.000000								8.000000	55.000000	42.154110	66.022705	-195.856580	0.737559	0.672556	-0.060619	-0.000000	9.000000	55.000000	-44.929989	-46.795200	-95.705841	0.404554	0.904910	0.132186	0.000000	10.000000	55.000000	-50.403488	-69.528656	-225.088810	0.949130	-0.144091	0.279982	0.000000	11.000000	55.000000								12.000000	119.000000								13.000000	55.000000	-85.679031	77.160713	-162.380520	0.682072	-0.100331	0.724370	0.000000	14.000000	55.000000	-84.685204	69.277405	-209.134570	0.742393	-0.175156	0.646663	-0.000000	15.000000	55.000000	-88.761383	94.396385	-191.061040	0.700826	-0.118749	0.703378	0.000000
0.159100	21.000000	3509.000000	0.000000	55.000000	45.059265	69.021095	-170.187470	0.341114	-0.825187	-0.229966	0.387071	2.000000	119.000000								3.000000	119.000000								4.000000	119.000000								5.000000	119.000000								6.000000	55.000000								7.000000	119.000000								8.000000	55.000000	42.151630	66.046135	-195.870000	0.737551	0.672561	-0.060659	0.000000	9.000000	55.000000	-44.928970	-46.761093	-95.717506	0.404558	0.904931	0.132034	-0.000000	10.000000	55.000000	-50.328979	-69.555412	-225.101360	0.949196	-0.144375	0.279611	0.000000	11.000000	55.000000								12.000000	119.000000								13.000000	55.000000	-85.662842	77.164749	-162.405750	0.682080	-0.100289	0.724368	0.000000	14.000000	55.000000	-84.681030	69.212799	-209.159810	0.742359	-0.175400	0.646636	-0.000000	15.000000	55.000000	-88.793877	94.421379	-191.139510	0.700766	-0.118789	0.703432	0.000000
0.169100	22.000000	3729.000000	0.000000	55.000000	45.050678	69.030823	-170.227890	0.341481	-0.825021	-0.229776	0.387213	2.000000	119.000000								3.000000	119.000000								4.000000	119.000000								5.000000	119.000000								6.000000	55.000000								7.000000	119.000000								8.000000	55.000000	42.151752	66.053635	-195.894260	0.737591	0.672516	-0.060678	0.000000	9.000000	55.000000	-44.931320	-46.722195	-95.732140	0.404502	0.904975	0.131902	0.000000	10.000000	55.000000	-50.333065	-69.569633	-225.140810	0.949151	-0.144568	0.279665	-0.000000	11.000000	55.000000								12.000000	119.000000								13.000000	55.000000	-85.652962	77.153954	-162.416500	0.682051	-0.100242	0.724402	-0.000000	14.000000	55.000000	-84.645309	69.220757	-209.093090	0.742371	-0.175218	0.646671	0.000000	15.000000	55.000000	-88.786041	94.330772	-191.211810	0.700799	-0.119145	0.703339	0.000000
0.179100	23.000000	3950.000000	0.000000	55.000000	45.075638	69.052284	-170.265980	0.341961	-0.824893	-0.229537	0.387204	2.000000	119.000000								3.000000	119.000000								4.000000	119.000000								5.000000	119.000000								6.000000	55.000000								7.000000	119.000000								8.000000	55.000000	42.179989	66.090027	-195.894710	0.737574	0.672529	-0.060734	0.000000	9.000000	55.000000	-44.940601	-46.701172	-95.755890	0.404546	0.904980	0.131735	0.000000	10.000000	55.000000	-50.351585	-69.487289	-225.160310	0.949156	-0.144246	0.279813	-0.000000	11.000000	55.000000								12.000000	119.000000								13.000000	55.000000	-85.628769	77.162575	-162.434600	0.682080	-0.100225	0.724377	-0.000000	14.000000	55.000000	-84.639511	69.170776	-209.094970	0.742348	-0.175351	0.646662	0.000000	15.000000	55.000000	-88.738449	94.387337	-191.155960	0.700816	-0.118889	0.703365	0.000000
0.189100	24.000000	4170.000000	0.000000	55.000000	45.116570	69.087646	-170.288500	0.342468	-0.824784	-0.229378	0.387084	2.000000	119.000000								3.000000	119.000000								4.000000	119.000000								5.000000	119.000000								6.000000	55.000000								7.000000	119.000000								8.000000	55.000000	42.185169	66.085098	-195.978740	0.737643	0.672449	-0.060791	-0.000000	9.000000	55.000000	-44.952900	-46.678799	-95.772186	0.404567	0.905004	0.131504	-0.000000	10.000000	55.000000	-50.323082	-69.390205	-225.194320	0.949214	-0.143911	0.279792	-0.000000	11.000000	55.000000								12.000000	119.000000								13.000000	55.000000	-85.621040	77.140358	-162.459960	0.682058	-0.100243	0.724395	-0.000000	14.000000	55.000000	-84.672760	69.252724	-209.084780	0.742232	-0.175238	0.646825	0.000000	15.000000	55.000000	-88.745399	94.383667	-191.185240	0.700762	-0.118953	0.703408	0.000000
0.199100	25.000000	4390.000000	0.000000	55.000000	45.130455	69.091896	-170.315160	0.342937	-0.824639	-0.229092	0.387144	2.000000	119.000000								3.000000	119.000000								4.000000	119.000000								5.000000	119.000000								6.000000	55.000000								7.000000	119.000000								8.000000	55.000000	42.195549	66.065216	-195.995850	0.737741	0.672336	-0.060844	0.000000	9.000000	55.000000	-44.955353	-46.655727	-95.786423	0.404600	0.905014	0.131329	-0.000000	10.000000	55.000000	-50.351822	-69.371254	-225.197920	0.949135	-0.143952	0.280037	-0.000000	11.000000	55.000000								12.000000	119.000000								13.000000	55.000000	-85.633156	77.190926	-162.465880	0.681975	-0.100069	0.724498	0.000000	14.000000	55.000000	-84.675461	69.227936	-209.094590	0.742213	-0.175271	0.646838	0.000000	15.000000	55.000000	-88.719681	94.402153	-191.207950	0.700789	-0.118911	0.703389	0.000000
0.209100	26.000000	4610.000000	0.000000	55.000000	45.154167	69.103699	-170.349780	0.343302	-0.824546	-0.228891	0.387140	2.000000	119.000000								3.000000	119.000000								4.000000	119.000000								5.000000	119.000000								6.000000	55.000000								7.000000	119.000000								8.000000	55.000000	42.188595	66.113647	-196.004410	0.737688	0.672396	-0.060824	0.000000	9.000000	55.000000	-44.954659	-46.626881	-95.806564	0.404611	0.905024	0.131231	-0.000000	10.000000	55.000000	-50.294147	-69.187462	-225.248000	0.949356	-0.142959	0.279795	0.000000	11.000000	55.000000								12.000000	119.000000								13.000000	55.000000	-85.607208	77.165405	-162.459440	0.681969	-0.100080	0.724501	-0.000000	14.000000	55.000000	-84.666122	69.251740	-209.131360	0.742240	-0.175220	0.646821	0.000000	15.000000	55.000000	-88.672104	94.373070	-191.223100	0.700827	-0.118906	0.703352	0.000000
0.219100	27.000000	4831.000000	0.000000	55.000000	45.171566	69.130608	-170.362720	0.343268	-0.824588	-0.228911	0.387067	2.000000	119.000000								3.000000	119.000000								4.000000	119.000000								5.000000	119.000000								6.000000	55.000000								7.000000	119.000000								8.000000	55.000000	42.140312	66.141220	-196.041520	0.737699	0.672394	-0.060711	0.000000	9.000000	55.000000	-44.949989	-46.617878	-95.833374	0.404706	0.904972	0.131297	0.000000	10.000000	55.000000	-50.289856	-69.137756	-225.263730	0.949390	-0.142797	0.279764	0.000000	11.000000	55.000000								12.000000	119.000000								13.000000	55.000000	-85.543907	77.133125	-162.471160	0.682057	-0.100063	0.724421	0.000000	14.000000	55.000000	-84.658348	69.322113	-209.185060	0.742249	-0.175160	0.646827	-0.000000	15.000000	55.000000	-88.657738	94.330544	-191.267210	0.700811	-0.118874	0.703373	-0.000000
0.229100	28.000000	5051.000000	0.000000	55.000000	45.193733	69.186897	-170.382600	0.343109	-0.824658	-0.229143	0.386922	2.000000	119.000000								3.000000	119.000000								4.000000	119.000000								5.000000	119.000000								6.000000	55.000000								7.000000	119.000000								8.000000	55.000000	42.132874	66.136856	-196.018630	0.737744	0.672344	-0.060716	0.000000	9.000000	55.000000	-44.935974	-46.600559	-95.860725	0.404768	0.904937	0.131343	0.000000	10.000000	55.000000	-50.350574	-69.146988	-225.252180	0.949250	-0.143094	0.280086	0.000000	11.000000	55.000000								12.000000	119.000000								13.000000	55.000000	-85.533661	77.116890	-162.478180	0.682018	-0.100099	0.724453	0.000000	14.000000	55.000000	-84.671227	69.330673	-209.255810	0.742246	-0.175248	0.646807	-0.000000	15.000000	55.000000	-88.627007	94.399155	-191.265140	0.700837	-0.118606	0.703391	0.000000
0.239000	29.000000	5271.000000	0.000000	55.000000	45.202625	69.225014	-170.409620	0.342986	-0.824687	-0.229242	0.386911	2.000000	119.000000								3.000000	119.000000								4.000000	119.000000								5.000000	119.000000								6.000000	55.000000								7.000000	119.000000								8.000000	55.000000	42.192120	66.179123	-196.044650	0.737695	0.672389	-0.060821	0.000000	9.000000	55.000000	-44.923637	-46.578480	-95.885071	0.404803	0.904916	0.131381	-0.000000	10.000000	55.000000	-50.374882	-69.232353	-225.221220	0.949136	-0.143634	0.280198	0.000000	11.000000	55.000000								12.000000	119.000000								13.000000	55.000000	-85.549797	77.133369	-162.512190	0.681919	-0.100187	0.724533	0.000000	14.000000	55.000000	-84.622429	69.274445	-209.289540	0.742299	-0.175376	0.646711	0.000000	15.000000	55.000000	-88.612694	94.336449	-191.272520	0.700801	-0.118835	0.703390	0.000000
0.249000	30.000000	5491.000000	0.000000	55.000000	45.191990	69.237381	-170.461210	0.343075	-0.824605	-0.229141	0.387066	2.000000	119.000000								3.000000	119.000000								4.000000	119.000000								5.000000	119.000000								6.000000	55.000000								7.000000	119.000000								8.000000	55.000000	42.227333	66.223763	-196.087280	0.737660	0.672418	-0.060925	0.000000	9.000000	55.000000	-44.910709	-46.542866	-95.890808	0.404766	0.904928	0.131415	0.000000	10.000000	55.000000	-50.392670	-69.326271	-225.178650	0.949012	-0.144321	0.280263	0.000000	11.000000	55.000000								12.000000	119.000000								13.000000	55.000000	-85.575722	77.123451	-162.559940	0.681787	-0.100322	0.724639	0.000000	14.000000	55.000000	-84.562943	69.284019	-209.347460	0.742372	-0.175283	0.646652	0.000000	15.000000	55.000000	-88.599419	94.285034	-191.267680	0.700747	-0.118959	0.703421	0.000000
0.259000	31.000000	5712.000000	0.000000	55.000000	45.210434	69.286705	-170.495190	0.342987	-0.824598	-0.229324	0.387051	2.000000	119.000000								3.000000	119.000000								4.000000	119.000000								5.000000	119.000000								6.000000	55.000000								7.000000	119.000000								8.000000	55.000000	42.222157	66.241875	-196.164400	0.737706	0.672373	-0.060863	-0.000000	9.000000	55.000000	-44.890011	-46.521023	-95.908409	0.404810	0.904897	0.131496	0.000000	10.000000	55.000000	-50.407444	-69.424179	-225.129970	0.948858	-0.145075	0.280397	-0.000000	11.000000	55.000000								12.000000	119.000000								13.000000	55.000000	-85.590805	77.143646	-162.587510	0.681690	-0.100418	0.724717	0.000000	14.000000	55.000000	-84.546135	69.327766	-209.377330	0.742363	-0.175238	0.646675	0.000000	15.000000	55.000000	-88.571350	94.261276	-191.270220	0.700729	-0.119067	0.703421	0.000000
0.269000	32.000000	5932.000000	0.000000	55.000000	45.211704	69.306015	-170.545940	0.342818	-0.824637	-0.229314	0.387123	2.000000	119.000000								3.000000	119.000000								4.000000	119.000000								5.000000	119.000000								6.000000	55.000000								7.000000	119.000000								8.000000	55.000000	42.191578	66.235626	-196.192900	0.737808	0.672271	-0.060751	0.000000	9.000000	55.000000	-44.875992	-46.507057	-95.928719	0.404892	0.904859	0.131502	-0.000000	10.000000	55.000000	-50.403084	-69.527885	-225.120100	0.948772	-0.145691	0.280368	-0.000000	11.000000	55.000000								12.000000	119.000000								13.000000	55.000000	-85.587318	77.182678	-162.601270	0.681617	-0.100482	0.724777	0.000000	14.000000	55.000000	-84.557953	69.304848	-209.475690	0.742313	-0.175440	0.646678	-0.000000	15.000000	55.000000	-88.543983	94.253792	-191.299480	0.700719	-0.119043	0.703435	0.000000
0.279000	33.000000	6153.000000	0.000000	55.000000	45.207684	69.315094	-170.603700	0.342869	-0.824565	-0.229252	0.387269	2.000000	119.000000								3.000000	119.000000								4.000000	119.000000								5.000000	119.000000								6.000000	55.000000								7.000000	119.000000								8.000000	55.000000	42.141682	66.189148	-196.250750	0.738026	0.672046	-0.060594	0.000000	9.000000	55.000000	-44.850582	-46.478035	-95.942917	0.404887	0.904849	0.131587	0.000000	10.000000	55.000000	-50.421978	-69.611351	-225.135800	0.948663	-0.146238	0.280450	0.000000	11.000000	55.000000								12.000000	119.000000								13.000000	55.000000	-85.603401	77.250740	-162.652920	0.681522	-0.100391	0.724879	-0.000000	14.000000	55.000000	-84.552734	69.265770	-209.441280	0.742219	-0.175616	0.646738	0.000000	15.000000	55.000000	-88.555908	94.219017	-191.449690	0.700725	-0.119230	0.703398	0.000000
0.289000	34.000000	6373.000000	0.000000	55.000000	45.200745	69.306252	-170.649150	0.342438	-0.824693	-0.229246	0.387381	2.000000	119.000000								3.000000	119.000000								4.000000	119.000000								5.000000	119.000000								6.000000	55.000000								7.000000	119.000000								8.000000	55.000000	42.117596	66.156853	-196.318280	0.738225	0.671834	-0.060520	0.000000	9.000000	55.000000	-44.827358	-46.453899	-95.956833	0.404912	0.904840	0.131567	0.000000	10.000000	55.000000	-50.364773	-69.698143	-225.134670	0.948673	-0.146715	0.280168	-0.000000	11.000000	55.000000								12.000000	119.000000								13.000000	55.000000	-85.604294	77.291641	-162.683030	0.681446	-0.100332	0.724958	0.000000	14.000000	55.000000	-84.523125	69.066368	-209.448290	0.742147	-0.176096	0.646691	0.000000	15.000000	55.000000	-88.552811	94.245140	-191.534910	0.700744	-0.119335	0.703362	0.000000
0.299000	35.000000	6594.000000	0.000000	55.000000	45.188560	69.305061	-170.703600	0.341629	-0.824965	-0.229408	0.387420	2.000000	119.000000								3.000000	119.000000								4.000000	119.000000								5.000000	119.000000								6.000000	55.000000								7.000000	119.000000								8.000000	55.000000	42.096210	66.164673	-196.363880	0.738291	0.671770	-0.060426	-0.000000	9.000000	55.000000	-44.808739	-46.437222	-95.972359	0.404963	0.904825	0.131518	-0.000000	10.000000	55.000000	-50.350960	-69.697044	-225.134460	0.948654	-0.146784	0.280195	0.000000	11.000000	55.000000								12.000000	119.000000								13.000000	55.000000	-85.610718	77.328201	-162.728620	0.681393	-0.100346	0.725007	-0.000000	14.000000	55.000000	-84.544670	69.056404	-209.570300	0.742079	-0.176417	0.646681	0.000000	15.000000	55.000000	-88.579514	94.247864	-191.605640	0.700650	-0.119398	0.703444	-0.000000
0.309000	36.000000	6814.000000	0.000000	55.000000	45.176037	69.299332	-170.762560	0.341436	-0.825022	-0.229360	0.387497	2.000000	119.000000								3.000000	119.000000								4.000000	119.000000								5.000000	119.000000								6.000000	55.000000								7.000000	119.000000								8.000000	55.000000	42.104523	66.104942	-196.426880	0.738511	0.671530	-0.060408	-0.000000	9.000000	55.000000	-44.795010	-46.433254	-95.986549	0.405041	0.904779	0.131591	0.000000	10.000000	55.000000	-50.375088	-69.729210	-225.152540	0.948564	-0.147060	0.280357	0.000000	11.000000	55.000000								12.000000	119.000000								13.000000	55.000000	-85.609337	77.365417	-162.789020	0.681352	-0.100264	0.725056	-0.000000	14.000000	55.000000	-84.522736	69.174377	-209.626110	0.742114	-0.176122	0.646721	-0.000000	15.000000	55.000000	-88.602638	94.327965	-191.654820	0.700573	-0.119263	0.703544	0.000000
0.319000	37.000000	7034.000000	0.000000	55.000000	45.178062	69.300484	-170.806110	0.341898	-0.824846	-0.229100	0.387618	2.000000	119.000000								3.000000	119.000000								4.000000	119.000000								5.000000	119.000000								6.000000	55.000000								7.000000	119.000000								8.000000	55.000000	42.111393	66.078789	-196.471530	0.738628	0.671404	-0.060380	0.000000	9.000000	55.000000	-44.781929	-46.420715	-95.999077	0.405075	0.904779	0.131485	0.000000	10.000000	55.000000	-50.314064	-69.858627	-225.155750	0.948534	-0.147805	0.280065	0.000000	11.000000	55.000000								12.000000	119.000000								13.000000	55.000000	-85.632256	77.334373	-162.849960	0.681269	-0.100471	0.725106	-0.000000	14.000000	55.000000	-84.576279	69.176956	-209.627140	0.741978	-0.176181	0.646860	0.000000	15.000000	55.000000	-88.626923	94.369583	-191.724030	0.700526	-0.119247	0.703594	0.000000
0.329000	38.000000	7254.000000	0.000000	55.000000	45.154289	69.293434	-170.841260	0.342111	-0.824680	-0.228965	0.387862	2.000000	119.000000								3.000000	119.000000								4.000000	119.000000								5.000000	119.000000								6.000000	55.000000								7.000000	119.000000								8.000000	55.000000	42.038830	66.068367	-196.558790	0.738743	0.671296	-0.060180	0.000000	9.000000	55.000000	-44.765980	-46.418945	-96.009438	0.405151	0.904745	0.131492	-0.000000	10.000000	55.000000	-50.256104	-69.878235	-225.165650	0.948620	-0.147810	0.279772	-0.000000	11.000000	55.000000								12.000000	119.000000								13.000000	55.000000	-85.631523	77.313141	-162.879900	0.681226	-0.100604	0.725127	0.000000	14.000000	55.000000	-84.615089	69.152328	-209.645160	0.741853	-0.176322	0.646966	-0.000000	15.000000	55.000000	-88.660507	94.419571	-191.794270	0.700462	-0.119325	0.703644	0.000000
0.339000	39.000000	7475.000000	0.000000	55.000000	45.144875	69.293373	-170.860890	0.341837	-0.824755	-0.229063	0.387887	2.000000	119.000000								3.000000	119.000000								4.000000	119.000000								5.000000	119.000000								6.000000	55.000000								7.000000	119.000000								8.000000	55.000000	42.063232	66.048042	-196.585250	0.738826	0.671194	-0.060289	0.000000	9.000000	55.000000	-44.759575	-46.411652	-96.014267	0.405149	0.904738	0.131541	-0.000000	10.000000	55.000000	-50.198460	-69.835724	-225.206160	0.948730	-0.147531	0.279547	0.000000	11.000000	55.000000								12.000000	119.000000								13.000000	55.000000	-85.636116	77.281448	-162.904130	0.681188	-0.100684	0.725152	0.000000	14.000000	55.000000	-84.735970	69.297020	-209.651250	0.741605	-0.176107	0.647309	0.000000	15.000000	55.000000	-88.715088	94.555878	-191.851430	0.700389	-0.119236	0.703731	0.000000
0.349000	40.000000	7695.000000	0.000000	55.000000	45.151867	69.296745	-170.865220	0.341648	-0.824866	-0.229143	0.387771	2.000000	119.000000								3.000000	119.000000								4.000000	119.000000								5.000000	119.000000								6.000000	55.000000								7.000000	119.000000								8.000000	55.000000	42.009853	66.005470	-196.613820	0.738962	0.671056	-0.060152	-0.000000	9.000000	55.000000	-44.755829	-46.421684	-96.035522	0.405210	0.904713	0.131524	-0.000000	10.000000	55.000000	-50.165424	-69.707077	-225.217580	0.948852	-0.146881	0.279476	0.000000	11.000000	55.000000								12.000000	119.000000								13.000000	55.000000	-85.645859	77.299362	-162.913100	0.681144	-0.100670	0.725195	0.000000	14.000000	55.000000	-84.766724	69.216812	-209.647320	0.741520	-0.176421	0.647321	-0.000000	15.000000	55.000000	-88.716568	94.543816	-191.957960	0.700426	-0.119267	0.703689	0.000000
0.359000	41.000000	7915.000000	0.000000	55.000000	45.151478	69.276375	-170.880230	0.341438	-0.824976	-0.229114	0.387740	2.000000	119.000000								3.000000	119.000000								4.000000	119.000000								5.000000	119.000000								6.000000	55.000000								7.000000	119.000000								8.000000	55.000000	42.008144	66.000900	-196.600330	0.738962	0.671057	-0.060153	-0.000000	9.000000	55.000000	-44.754742	-46.430931	-96.048004	0.405241	0.904717	0.131403	0.000000	10.000000	55.000000	-50.189484	-69.682442	-225.242920	0.948841	-0.146639	0.279640	0.000000	11.000000	55.000000								12.000000	119.000000								13.000000	55.000000	-85.642532	77.308502	-162.907000	0.681119	-0.100591	0.725230	-0.000000	14.000000	55.000000	-84.745026	69.208664	-209.626820	0.741529	-0.176376	0.647322	-0.000000	15.000000	55.000000	-88.705971	94.543205	-191.971190	0.700419	-0.119100	0.703725	0.000000
0.368900	42.000000	8135.000000	0.000000	55.000000	45.161949	69.267143	-170.865810	0.341172	-0.825109	-0.229228	0.387623	2.000000	119.000000								3.000000	119.000000								4.000000	119.000000								5.000000	119.000000								6.000000	55.000000								7.000000	119.000000								8.000000	55.000000	42.037544	65.995369	-196.629500	0.738956	0.671056	-0.060226	0.000000	9.000000	55.000000	-44.754341	-46.436348	-96.048798	0.405237	0.904718	0.131408	-0.000000	10.000000	55.000000	-50.177582	-69.671165	-225.272290	0.948872	-0.146555	0.279579	0.000000	11.000000	55.000000								12.000000	119.000000								13.000000	55.000000	-85.636230	77.290413	-162.929460	0.681147	-0.100551	0.725209	0.000000	14.000000	55.000000	-84.713989	69.237907	-209.565600	0.741531	-0.176262	0.647351	0.000000	15.000000	55.000000	-88.731354	94.757065	-191.968550	0.700399	-0.118662	0.703819	0.000000
0.379000	43.000000	8356.000000	0.000000	55.000000	45.173428	69.279190	-170.853230	0.341039	-0.825164	-0.229425	0.387506	2.000000	119.000000								3.000000	119.000000								4.000000	119.000000								5.000000	119.000000								6.000000	55.000000								7.000000	119.000000								8.000000	55.000000	42.029541	66.007973	-196.621290	0.738877	0.671140	-0.060263	-0.000000	9.000000	55.000000	-44.765598	-46.462063	-96.054535	0.405288	0.904708	0.131320	-0.000000	10.000000	55.000000	-50.145115	-69.648933	-225.260880	0.948922	-0.146378	0.279500	0.000000	11.000000	55.000000								12.000000	119.000000								13.000000	55.000000	-85.636871	77.229103	-162.930800	0.681141	-0.100648	0.725201	-0.000000	14.000000	55.000000	-84.743530	69.350487	-209.626220	0.741531	-0.176070	0.647403	0.000000	15.000000	55.000000	-88.744522	94.817688	-191.937070	0.700352	-0.118532	0.703888	0.000000
0.388900	44.000000	8576.000000	0.000000	55.000000	45.151436	69.281067	-170.855790	0.341480	-0.824939	-0.229359	0.387635	2.000000	119.000000								3.000000	119.000000								4.000000	119.000000								5.000000	119.000000								6.000000	55.000000								7.000000	119.000000								8.000000	55.000000	42.023846	66.017128	-196.576420	0.738773	0.671255	-0.060265	0.000000	9.000000	55.000000	-44.765800	-46.485458	-96.061035	0.405287	0.904705	0.131344	0.000000	10.000000	55.000000	-50.233192	-69.645462	-225.265960	0.948813	-0.146279	0.279921	-0.000000	11.000000	55.000000								12.000000	119.000000								13.000000	55.000000	-85.624611	77.194649	-162.942700	0.681188	-0.100687	0.725152	-0.000000	14.000000	55.000000	-84.752403	69.462982	-209.717150	0.741624	-0.175844	0.647358	0.000000	15.000000	55.000000	-88.755554	94.784309	-191.930070	0.700308	-0.118560	0.703926	-0.000000
0.399000	45.000000	8797.000000	0.000000	55.000000	45.140049	69.281952	-170.854580	0.341803	-0.824779	-0.229341	0.387702	2.000000	119.000000								3.000000	119.000000								4.000000	119.000000								5.000000	119.000000								6.000000	55.000000								7.000000	119.000000								8.000000	55.000000	42.086521	66.039368	-196.571640	0.738636	0.671393	-0.060400	0.000000	9.000000	55.000000	-44.769962	-46.510384	-96.055717	0.405292	0.904687	0.131455	-0.000000	10.000000	55.000000	-50.244774	-69.661942	-225.277680	0.948812	-0.146228	0.279953	-0.000000	11.000000	55.000000								12.000000	119.000000								13.000000	55.000000	-85.604210	77.115875	-162.931640	0.681235	-0.100823	0.725089	0.000000	14.000000	55.000000	-84.677559	69.496498	-209.660800	0.741789	-0.175537	0.647253	0.000000	15.000000	55.000000	-88.750809	94.748840	-191.915160	0.700321	-0.118569	0.703912	0.000000
0.408900	46.000000	9017.000000	0.000000	55.000000	45.132481	69.272743	-170.827320	0.341997	-0.824648	-0.229375	0.387790	2.000000	119.000000								3.000000	119.000000								4.000000	119.000000								5.000000	119.000000								6.000000	55.000000								7.000000	119.000000								8.000000	55.000000	42.059151	66.031830	-196.592560	0.738597	0.671439	-0.060366	-0.000000	9.000000	55.000000	-44.763771	-46.540981	-96.063759	0.405285	0.904685	0.131490	0.000000	10.000000	55.000000	-50.180660	-69.645180	-225.305150	0.948918	-0.146030	0.279696	0.000000	11.000000	55.000000								12.000000	119.000000								13.000000	55.000000	-85.630653	77.061348	-162.930150	0.681201	-0.101048	0.725089	0.000000	14.000000	55.000000	-84.690941	69.356155	-209.574630	0.741716	-0.175831	0.647257	0.000000	15.000000	55.000000	-88.778847	94.668579	-191.935580	0.700302	-0.118832	0.703887	0.000000
0.419000	47.000000	9238.000000	0.000000	55.000000	45.107220	69.244400	-170.827210	0.341430	-0.824828	-0.229550	0.387802	2.000000	119.000000								3.000000	119.000000								4.000000	119.000000								5.000000	119.000000								6.000000	55.000000								7.000000	119.000000								8.000000	55.000000	42.068047	66.050682	-196.589520	0.738486	0.671557	-0.060413	0.000000	9.000000	55.000000	-44.756393	-46.562195	-96.059494	0.405218	0.904696	0.131623	-0.000000	10.000000	55.000000	-50.248150	-69.445816	-225.296600	0.948944	-0.144854	0.280217	0.000000	11.000000	55.000000								12.000000	119.000000								13.000000	55.000000	-85.631226	77.106201	-162.928340	0.681244	-0.100914	0.725067	0.000000	14.000000	55.000000	-84.673912	69.249344	-209.495180	0.741672	-0.175970	0.647269	-0.000000	15.000000	55.000000	-88.807091	94.718590	-191.876500	0.700216	-0.118896	0.703961	0.000000
0.428900	48.000000	9458.000000	0.000000	55.000000	45.113590	69.207687	-170.827580	0.340818	-0.825130	-0.229675	0.387625	2.000000	119.000000								3.000000	119.000000								4.000000	119.000000								5.000000	119.000000								6.000000	55.000000								7.000000	119.000000								8.000000	55.000000	42.082397	66.072197	-196.582000	0.738353	0.671699	-0.060457	0.000000	9.000000	55.000000	-44.763771	-46.588768	-96.050690	0.405158	0.904722	0.131627	0.000000	10.000000	55.000000	-50.264095	-69.496880	-225.270770	0.948883	-0.145060	0.280317	0.000000	11.000000	55.000000								12.000000	119.000000								13.000000	55.000000	-85.627045	77.127388	-162.939580	0.681296	-0.100771	0.725039	-0.000000	14.000000	55.000000	-84.647972	69.316154	-209.479710	0.741762	-0.175655	0.647252	0.000000	15.000000	55.000000	-88.749245	94.585754	-191.857910	0.700311	-0.118966	0.703854	0.000000
0.438900	49.000000	9678.000000	0.000000	55.000000	45.101559	69.164482	-170.813110	0.340596	-0.825211	-0.229678	0.387646	2.000000	119.000000								3.000000	119.000000								4.000000	119.000000								5.000000	119.000000								6.000000	55.000000								7.000000	119.000000								8.000000	55.000000	42.055553	66.022873	-196.555190	0.738386	0.671670	-0.060380	0.000000	9.000000	55.000000	-44.758671	-46.626015	-96.051651	0.405154	0.904715	0.131684	-0.000000	10.000000	55.000000	-50.271732	-69.618271	-225.200360	0.948760	-0.145712	0.280398	0.000000	11.000000	55.000000								12.000000	119.000000								13.000000	55.000000	-85.625710	77.175835	-162.927380	0.681324	-0.100588	0.725038	0.000000	14.000000	55.000000	-84.648232	69.251617	-209.432360	0.741756	-0.175935	0.647182	0.000000	15.000000	55.000000	-88.753525	94.537796	-191.863680	0.700313	-0.118997	0.703848	0.000000
0.448900	50.000000	9898.000000	0.000000	55.000000	45.088371	69.124413	-170.796520	0.340319	-0.825267	-0.229744	0.387730	2.000000	119.000000								3.000000	119.000000								4.000000	119.000000								5.000000	119.000000								6.000000	55.000000								7.000000	119.000000								8.000000	55.000000	42.075790	65.991554	-196.573200	0.738369	0.671688	-0.060385	-0.000000	9.000000	55.000000	-44.758873	-46.655804	-96.042023	0.405076	0.904747	0.131704	-0.000000	10.000000	55.000000	-50.259205	-69.813980	-225.183580	0.948648	-0.146613	0.280308	0.000000	11.000000	55.000000								12.000000	119.000000								13.000000	55.000000	-85.585960	77.128983	-162.879430	0.681425	-0.100593	0.724942	0.000000	14.000000	55.000000	-84.696091	69.320564	-209.333680	0.741639	-0.175739	0.647370	0.000000	15.000000	55.000000	-88.746773	94.505272	-191.780080	0.700279	-0.118936	0.703891	0.000000
0.458900	51.000000	10119.000000	0.000000	55.000000	45.098911	69.072594	-170.793460	0.340412	-0.825265	-0.229594	0.387742	2.000000	119.000000								3.000000	119.000000								4.000000	119.000000								5.000000	119.000000								6.000000	55.000000								7.000000	119.000000								8.000000	55.000000	42.063087	65.923386	-196.558650	0.738450	0.671600	-0.060376	0.000000	9.000000	55.000000	-44.770199	-46.694813	-96.033249	0.405037	0.904772	0.131653	-0.000000	10.000000	55.000000	-50.253078	-69.866295	-225.216890	0.948658	-0.146713	0.280221	0.000000	11.000000	55.000000								12.000000	119.000000								13.000000	55.000000	-85.591476	77.084305	-162.879350	0.681446	-0.100793	0.724895	0.000000	14.000000	55.000000	-84.746857	69.263329	-209.330180	0.741522	-0.176056	0.647417	0.000000	15.000000	55.000000	-88.768486	94.482971	-191.769710	0.700241	-0.119042	0.703912	0.000000
0.468900	52.000000	10339.000000	0.000000	55.000000	45.113911	69.029724	-170.800960	0.340465	-0.825286	-0.229483	0.387718	2.000000	119.000000								3.000000	119.000000								4.000000	119.000000								5.000000	119.000000								6.000000	55.000000								7.000000	119.000000								8.000000	55.000000	42.128376	65.930862	-196.521420	0.738307	0.671744	-0.060514	0.000000	9.000000	55.000000	-44.763706	-46.737316	-96.037758	0.405014	0.904788	0.131615	-0.000000	10.000000	55.000000	-50.263874	-69.895691	-225.192290	0.948634	-0.146754	0.280281	0.000000	11.000000	55.000000								12.000000	119.000000								13.000000	55.000000	-85.576401	77.059044	-162.878310	0.681477	-0.100773	0.724869	0.000000	14.000000	55.000000	-84.727905	69.236610	-209.378400	0.741609	-0.176138	0.647296	-0.000000	15.000000	55.000000	-88.705154	94.272293	-191.701050	0.700287	-0.119331	0.703817	-0.000000
0.478900	53.000000	10559.000000	0.000000	55.000000	45.120785	68.960190	-170.812520	0.340281	-0.825402	-0.229334	0.387718	2.000000	119.000000								3.000000	119.000000								4.000000	119.000000								5.000000	119.000000								6.000000	55.000000								7.000000	119.000000								8.000000	55.000000	42.194778	65.923683	-196.531860	0.738212	0.671831	-0.060711	0.000000	9.000000	55.000000	-44.755829	-46.768948	-96.034691	0.404950	0.904809	0.131669	0.000000	10.000000	55.000000	-50.214886	-69.804085	-225.232190	0.948795	-0.146120	0.280067	-0.000000	11.000000	55.000000								12.000000	119.000000								13.000000	55.000000	-85.547119	77.065331	-162.854450	0.681526	-0.100621	0.724843	-0.000000	14.000000	55.000000	-84.692795	69.218010	-209.395080	0.741709	-0.176064	0.647201	-0.000000	15.000000	55.000000	-88.697311	94.124458	-191.628400	0.700223	-0.119480	0.703855	0.000000
0.488800	54.000000	10779.000000	0.000000	55.000000	45.154724	68.910225	-170.808790	0.340227	-0.825490	-0.229266	0.387618	2.000000	119.000000								3.000000	119.000000								4.000000	119.000000								5.000000	119.000000								6.000000	55.000000								7.000000	119.000000								8.000000	55.000000	42.232536	65.928596	-196.518630	0.738097	0.671945	-0.060856	0.000000	9.000000	55.000000	-44.752682	-46.808640	-96.030251	0.404960	0.904811	0.131620	0.000000	10.000000	55.000000	-50.231228	-69.872200	-225.245190	0.948746	-0.146284	0.280147	0.000000	11.000000	55.000000								12.000000	119.000000								13.000000	55.000000	-85.535904	77.040260	-162.819950	0.681521	-0.100605	0.724850	0.000000	14.000000	55.000000	-84.665512	69.166161	-209.283190	0.741669	-0.176024	0.647258	-0.000000	15.000000	55.000000	-88.672760	94.167618	-191.530530	0.700203	-0.119217	0.703920	0.000000
0.498900	55.000000	11000.000000	0.000000	55.000000	45.195866	68.842529	-170.821210	0.340378	-0.825500	-0.229049	0.387595	2.000000	119.000000								3.000000	119.000000								4.000000	119.000000								5.000000	119.000000								6.000000	55.000000								7.000000	119.000000								8.000000	55.000000	42.251450	65.879875	-196.485440	0.738110	0.671918	-0.060986	0.000000	9.000000	55.000000	-44.751522	-46.844284	-96.033318	0.404928	0.904865	0.131348	0.000000	10.000000	55.000000	-50.263245	-69.857658	-225.225650	0.948736	-0.146120	0.280264	-0.000000	11.000000	55.000000								12.000000	119.000000								13.000000	55.000000	-85.521561	77.059280	-162.822590	0.681528	-0.100402	0.724872	0.000000	14.000000	55.000000	-84.646317	69.048820	-209.291320	0.741656	-0.176090	0.647255	0.000000	15.000000	55.000000	-88.653435	94.171494	-191.507810	0.700225	-0.119262	0.703890	0.000000
0.508800	56.000000	11220.000000	0.000000	55.000000	45.242504	68.789276	-170.827220	0.340105	-0.825691	-0.229009	0.387449	2.000000	119.000000								3.000000	119.000000								4.000000	119.000000								5.000000	119.000000								6.000000	55.000000								7.000000	119.000000								8.000000	55.000000	42.301884	65.888489	-196.415190	0.737953	0.672079	-0.061120	-0.000000	9.000000	55.000000	-44.746834	-46.871204	-96.028481	0.404862	0.904903	0.131294	-0.000000	10.000000	55.000000	-50.318356	-69.910164	-225.226230	0.948679	-0.146179	0.280427	0.000000	11.000000	55.000000								12.000000	119.000000								13.000000	55.000000	-85.480026	77.073624	-162.794720	0.681582	-0.100131	0.724858	0.000000	14.000000	55.000000	-84.623062	69.014702	-209.291030	0.741643	-0.175996	0.647296	0.000000	15.000000	55.000000	-88.619728	94.154640	-191.496550	0.700242	-0.119184	0.703887	0.000000
0.518900	57.000000	11441.000000	0.000000	55.000000	45.285103	68.731544	-170.821010	0.340179	-0.825726	-0.228893	0.387380	2.000000	119.000000								3.000000	119.000000								4.000000	119.000000								5.000000	119.000000								6.000000	55.000000								7.000000	119.000000								8.000000	55.000000	42.329193	65.833061	-196.421040	0.737974	0.672046	-0.061221	-0.000000	9.000000	55.000000	-44.754189	-46.908825	-96.022148	0.404875	0.904928	0.131076	0.000000	10.000000	55.000000	-50.364891	-70.080116	-225.252030	0.948559	-0.146832	0.280493	0.000000	11.000000	55.000000								12.000000	119.000000								13.000000	55.000000	-85.449257	77.013725	-162.744080	0.681563	-0.100089	0.724882	-0.000000	14.000000	55.000000	-84.584557	69.072739	-209.281200	0.741682	-0.175653	0.647343	0.000000	15.000000	55.000000	-88.591911	94.272896	-191.526890	0.700305	-0.118695	0.703907	0.000000
0.528800	58.000000	11661.000000	0.000000	55.000000	45.323147	68.709717	-170.784820	0.340909	-0.825442	-0.228765	0.387419	2.000000	119.000000								3.000000	119.000000								4.000000	119.000000								5.000000	119.000000								6.000000	55.000000								7.000000	119.000000								8.000000	55.000000	42.386318	65.733421	-196.399050	0.738085	0.671907	-0.061408	-0.000000	9.000000	55.000000	-44.743820	-46.938061	-96.027107	0.404851	0.904961	0.130923	0.000000	10.000000	55.000000	-50.302376	-70.016090	-225.293000	0.948695	-0.146333	0.280293	0.000000	11.000000	55.000000								12.000000	119.000000								13.000000	55.000000	-85.420074	77.004578	-162.732070	0.681563	-0.099947	0.724902	-0.000000	14.000000	55.000000	-84.568977	68.997261	-209.241620	0.741612	-0.175767	0.647393	0.000000	15.000000	55.000000	-88.604813	94.359261	-191.523210	0.700221	-0.118355	0.704047	0.000000
0.538900	59.000000	11882.000000	0.000000	55.000000	45.390888	68.669296	-170.780790	0.341561	-0.825275	-0.228516	0.387346	2.000000	119.000000								3.000000	119.000000								4.000000	119.000000								5.000000	119.000000								6.000000	55.000000								7.000000	119.000000								8.000000	55.000000	42.422791	65.681595	-196.424850	0.738086	0.671891	-0.061578	0.000000	9.000000	55.000000	-44.741234	-46.969200	-96.021317	0.404864	0.904987	0.130702	0.000000	10.000000	55.000000	-50.349808	-69.976433	-225.325990	0.948685	-0.145879	0.280563	0.000000	11.000000	55.000000								12.000000	119.000000								13.000000	55.000000	-85.376633	76.916649	-162.703770	0.681559	-0.099971	0.724903	-0.000000	14.000000	55.000000	-84.463196	68.929390	-209.243900	0.741712	-0.175468	0.647359	0.000000	15.000000	55.000000	-88.532272	94.286293	-191.497270	0.700264	-0.118220	0.704027	0.000000
0.548800	60.000000	12102.000000	0.000000	55.000000	45.440022	68.632065	-170.773030	0.341998	-0.825171	-0.228350	0.387282	2.000000	119.000000								3.000000	119.000000								4.000000	119.000000								5.000000	119.000000								6.000000	55.000000								7.000000	119.000000								8.000000	55.000000	42.533604	65.671570	-196.399830	0.737974	0.671982	-0.061927	0.000000	9.000000	55.000000	-44.733246	-46.986534	-96.022339	0.404848	0.905033	0.130439	0.000000	10.000000	55.000000	-50.405880	-69.896469	-225.349010	0.948685	-0.145222	0.280906	0.000000	11.000000	55.000000								12.000000	119.000000								13.000000	55.000000	-85.343491	76.876007	-162.719190	0.681547	-0.099886	0.724926	0.000000	14.000000	55.000000	-84.383018	68.866402	-209.255910	0.741787	-0.175365	0.647301	0.000000	15.000000	55.000000	-88.467789	94.254570	-191.497880	0.700320	-0.118098	0.703992	0.000000
0.558800	61.000000	12322.000000	0.000000	55.000000	45.506084	68.619110	-170.743900	0.341969	-0.825246	-0.228485	0.387068	2.000000	119.000000								3.000000	119.000000								4.000000	119.000000								5.000000	119.000000								6.000000	55.000000								7.000000	119.000000								8.000000	55.000000	42.576439	65.656105	-196.433380	0.737915	0.672032	-0.062091	0.000000	9.000000	55.000000	-44.725063	-47.009666	-96.025337	0.404891	0.905045	0.130217	0.000000	10.000000	55.000000	-50.418793	-69.820145	-225.388640	0.948768	-0.144546	0.280972	0.000000	11.000000	55.000000								12.000000	119.000000								13.000000	55.000000	-85.297615	76.912918	-162.711910	0.681542	-0.099438	0.724992	-0.000000	14.000000	55.000000	-84.301308	68.900101	-209.274140	0.741885	-0.174868	0.647324	0.000000	15.000000	55.000000	-88.412270	94.235947	-191.484450	0.700339	-0.117887	0.704008	0.000000
0.568800	62.000000	12542.000000	0.000000	55.000000	45.548939	68.580643	-170.725880	0.342115	-0.825219	-0.228443	0.387020	2.000000	119.000000								3.000000	119.000000								4.000000	119.000000								5.000000	119.000000								6.000000	55.000000								7.000000	119.000000								8.000000	55.000000	42.629383	65.603477	-196.436750	0.737940	0.671985	-0.062296	-0.000000	9.000000	55.000000	-44.713943	-47.025253	-96.023788	0.404901	0.905051	0.130143	-0.000000	10.000000	55.000000	-50.445709	-69.775085	-225.421800	0.948798	-0.144015	0.281143	0.000000	11.000000	55.000000								12.000000	119.000000								13.000000	55.000000	-85.271896	76.871368	-162.699540	0.681482	-0.099387	0.725055	0.000000	14.000000	55.000000	-84.317383	68.909477	-209.251690	0.741740	-0.174660	0.647545	0.000000	15.000000	55.000000	-88.396606	94.258385	-191.505510	0.700252	-0.117520	0.704156	0.000000
0.578800	63.000000	12763.000000	0.000000	55.000000	45.596806	68.543427	-170.723140	0.342321	-0.825196	-0.228293	0.386976	2.000000	119.000000								3.000000	119.000000								4.000000	119.000000								5.000000	119.000000								6.000000	55.000000								7.000000	119.000000								8.000000	55.000000	42.659195	65.519653	-196.434630	0.738030	0.671870	-0.062471	0.000000	9.000000	55.000000	-44.699764	-47.042377	-96.026421	0.404944	0.905073	0.129856	0.000000	10.000000	55.000000	-50.482811	-69.920364	-225.385910	0.948669	-0.144575	0.281292	0.000000	11.000000	55.000000								12.000000	119.000000								13.000000	55.000000	-85.239525	76.848701	-162.742190	0.681472	-0.099295	0.725077	0.000000	14.000000	55.000000	-84.266571	68.876053	-209.273380	0.741733	-0.174446	0.647612	0.000000	15.000000	55.000000	-88.349045	94.250359	-191.522870	0.700257	-0.117502	0.704154	0.000000
0.588800	64.000000	12983.000000	0.000000	55.000000	45.664215	68.475784	-170.734790	0.342127	-0.825393	-0.228146	0.386815	2.000000	119.000000								3.000000	119.000000								4.000000	119.000000								5.000000	119.000000								6.000000	55.000000								7.000000	119.000000								8.000000	55.000000	42.711617	65.454338	-196.438690	0.738077	0.671804	-0.062625	-0.000000	9.000000	55.000000	-44.686729	-47.048996	-96.031891	0.404933	0.905100	0.129708	0.000000	10.000000	55.000000	-50.493576	-69.877831	-225.430790	0.948710	-0.144107	0.281395	-0.000000	11.000000	55.000000								12.000000	119.000000								13.000000	55.000000	-85.180992	76.841103	-162.763340	0.681494	-0.099027	0.725093	0.000000	14.000000	55.000000	-84.192184	68.870834	-209.247410	0.741761	-0.174110	0.647670	0.000000	15.000000	55.000000	-88.277351	94.186638	-191.610310	0.700329	-0.117392	0.704101	0.000000
0.598800	65.000000	13203.000000	0.000000	55.000000	45.701435	68.417999	-170.748380	0.341995	-0.825504	-0.228013	0.386772	2.000000	119.000000								3.000000	119.000000								4.000000	119.000000								5.000000	119.000000								6.000000	55.000000								7.000000	119.000000								8.000000	55.000000	42.710667	65.367722	-196.482380	0.738209	0.671656	-0.062645	0.000000	9.000000	55.000000	-44.675728	-47.062279	-96.037216	0.404971	0.905103	0.129563	0.000000	10.000000	55.000000	-50.398567	-69.921661	-225.402240	0.948791	-0.144168	0.281089	0.000000	11.000000	55.000000								12.000000	119.000000								13.000000	55.000000	-85.138428	76.854385	-162.792370	0.681500	-0.098820	0.725116	0.000000	14.000000	55.000000	-84.158325	68.865433	-209.228420	0.741669	-0.173886	0.647835	0.000000	15.000000	55.000000	-88.209351	94.189384	-191.604550	0.700325	-0.117015	0.704167	0.000000
0.608800	66.000000	13423.000000	0.000000	55.000000	45.727215	68.368057	-170.764910	0.342446	-0.825375	-0.227718	0.386822	2.000000	119.000000								3.000000	119.000000								4.000000	119.000000								5.000000	119.000000								6.000000	55.000000								7.000000	119.000000								8.000000	55.000000	42.756565	65.277611	-196.509480	0.738335	0.671497	-0.062878	-0.000000	9.000000	55.000000	-44.678730	-47.067272	-96.034737	0.404998	0.905149	0.129157	0.000000	10.000000	55.000000	-50.369156	-69.899521	-225.372500	0.948816	-0.143924	0.281131	0.000000	11.000000	55.000000								12.000000	119.000000								13.000000	55.000000	-85.082825	76.808617	-162.810030	0.681501	-0.098718	0.725128	0.000000	14.000000	55.000000	-84.097084	68.817238	-209.258440	0.741693	-0.173906	0.647803	0.000000	15.000000	55.000000	-88.175674	94.290237	-191.612580	0.700275	-0.116584	0.704289	0.000000
0.618800	67.000000	13644.000000	0.000000	55.000000	45.769363	68.330109	-170.780430	0.342590	-0.825330	-0.227629	0.386843	2.000000	119.000000								3.000000	119.000000								4.000000	119.000000								5.000000	119.000000								6.000000	55.000000								7.000000	119.000000								8.000000	55.000000	42.832237	65.194191	-196.511630	0.738438	0.671356	-0.063172	0.000000	9.000000	55.000000	-44.672558	-47.066414	-96.034706	0.404986	0.905215	0.128736	0.000000	10.000000	55.000000	-50.327965	-69.869766	-225.384770	0.948879	-0.143613	0.281076	0.000000	11.000000	55.000000								12.000000	119.000000								13.000000	55.000000	-85.006226	76.824013	-162.847200	0.681577	-0.098371	0.725104	0.000000	14.000000	55.000000	-84.057205	68.814720	-209.295170	0.741665	-0.173732	0.647881	-0.000000	15.000000	55.000000	-88.086258	94.076492	-191.585510	0.700264	-0.116674	0.704285	0.000000
0.628800	68.000000	13864.000000	0.000000	55.000000	45.821709	68.243011	-170.844420	0.342099	-0.825665	-0.227346	0.386729	2.000000	119.000000								3.000000	119.000000								4.000000	119.000000								5.000000	119.000000								6.000000	55.000000								7.000000	119.000000								8.000000	55.000000	42.870930	65.227615	-196.556580	0.738300	0.671491	-0.063344	-0.000000	9.000000	55.000000	-44.674908	-47.071026	-96.035469	0.405018	0.905253	0.128364	0.000000	10.000000	55.000000	-50.341850	-69.988174	-225.347900	0.948776	-0.144097	0.281176	0.000000	11.000000	55.000000								12.000000	119.000000								13.000000	55.000000	-84.930840	76.779282	-162.846010	0.681624	-0.098126	0.725093	0.000000	14.000000	55.000000	-83.987137	68.747818	-209.283950	0.741652	-0.173559	0.647942	0.000000	15.000000	55.000000	-88.039680	94.029900	-191.575000	0.700205	-0.116615	0.704354	-0.000000
0.638700	69.000000	14084.000000	0.000000	55.000000	45.854156	68.193398	-170.874360	0.342149	-0.825717	-0.227152	0.386688	2.000000	119.000000								3.000000	119.000000								4.000000	119.000000								5.000000	119.000000								6.000000	55.000000								7.000000	119.000000								8.000000	55.000000	42.911091	65.215065	-196.562560	0.738270	0.671508	-0.063515	-0.000000	9.000000	55.000000	-44.666641	-47.081982	-96.051704	0.405082	0.905251	0.128175	-0.000000	10.000000	55.000000	-50.295822	-69.990181	-225.343350	0.948843	-0.143993	0.281002	-0.000000	11.000000	55.000000								12.000000	119.000000								13.000000	55.000000	-84.869942	76.791763	-162.853290	0.681657	-0.097785	0.725108	0.000000	14.000000	55.000000	-83.963455	68.717148	-209.351910	0.741625	-0.173468	0.647998	-0.000000	15.000000	55.000000	-87.992882	94.033829	-191.617320	0.700198	-0.116522	0.704376	0.000000
0.648700	70.000000	14304.000000	0.000000	55.000000	45.916740	68.108482	-170.914630	0.342072	-0.825900	-0.226783	0.386581	2.000000	119.000000								3.000000	119.000000								4.000000	119.000000								5.000000	119.000000								6.000000	55.000000								7.000000	119.000000								8.000000	55.000000	42.895508	65.137016	-196.598650	0.738397	0.671355	-0.063666	-0.000000	9.000000	55.000000	-44.670433	-47.099106	-96.062347	0.405189	0.905244	0.127889	-0.000000	10.000000	55.000000	-50.274929	-69.959419	-225.372650	0.948888	-0.143647	0.281029	-0.000000	11.000000	55.000000								12.000000	119.000000								13.000000	55.000000	-84.841087	76.798485	-162.863070	0.681610	-0.097581	0.725180	0.000000	14.000000	55.000000	-83.924171	68.682343	-209.368440	0.741590	-0.173318	0.648078	0.000000	15.000000	55.000000	-87.914680	94.084877	-191.614410	0.700220	-0.116121	0.704420	0.000000
0.658700	71.000000	14525.000000	0.000000	55.000000	45.941795	68.050453	-170.948790	0.342590	-0.825736	-0.226372	0.386713	2.000000	119.000000								3.000000	119.000000								4.000000	119.000000								5.000000	119.000000								6.000000	55.000000								7.000000	119.000000								8.000000	55.000000	42.921379	65.078217	-196.635190	0.738482	0.671239	-0.063898	-0.000000	9.000000	55.000000	-44.670692	-47.094753	-96.064453	0.405186	0.905281	0.127636	-0.000000	10.000000	55.000000	-50.291351	-69.834679	-225.305220	0.948899	-0.143020	0.281311	-0.000000	11.000000	55.000000								12.000000	119.000000								13.000000	55.000000	-84.785599	76.737129	-162.862500	0.681600	-0.097510	0.725198	-0.000000	14.000000	55.000000	-83.927063	68.642998	-209.388230	0.741459	-0.173383	0.648210	0.000000	15.000000	55.000000	-87.848869	94.108276	-191.589720	0.700205	-0.115814	0.704486	-0.000000
0.668700	72.000000	14745.000000	0.000000	55.000000	45.981983	68.020531	-170.980240	0.342852	-0.825691	-0.226175	0.386693	2.000000	119.000000								3.000000	119.000000								4.000000	119.000000								5.000000	119.000000								6.000000	55.000000								7.000000	119.000000								8.000000	55.000000	42.917828	65.051758	-196.683990	0.738496	0.671207	-0.064064	0.000000	9.000000	55.000000	-44.680439	-47.088749	-96.067886	0.405184	0.905358	0.127095	0.000000	10.000000	55.000000	-50.266495	-69.895332	-225.305340	0.948868	-0.143240	0.281303	0.000000	11.000000	55.000000								12.000000	119.000000								13.000000	55.000000	-84.713005	76.733780	-162.872160	0.681656	-0.097177	0.725190	0.000000	14.000000	55.000000	-83.836464	68.610779	-209.427290	0.741536	-0.173103	0.648197	0.000000	15.000000	55.000000	-87.776497	94.120407	-191.632130	0.700263	-0.115683	0.704450	-0.000000
0.678700	73.000000	14966.000000	0.000000	55.000000	46.033394	67.973518	-170.987660	0.343076	-0.825690	-0.225933	0.386638	2.000000	119.000000								3.000000	119.000000								4.000000	119.000000								5.000000	119.000000								6.000000	55.000000								7.000000	119.000000								8.000000	55.000000	42.973923	65.039497	-196.721220	0.738460	0.671224	-0.064310	-0.000000	9.000000	55.000000	-44.703873	-47.072880	-96.061485	0.405144	0.905443	0.126612	0.000000	10.000000	55.000000	-50.232388	-70.053574	-225.313950	0.948806	-0.143945	0.281152	0.000000	11.000000	55.000000								12.000000	119.000000								13.000000	55.000000	-84.639908	76.745445	-162.872700	0.681693	-0.096745	0.725214	0.000000	14.000000	55.000000	-83.753174	68.612663	-209.364810	0.741541	-0.172800	0.648273	0.000000	15.000000	55.000000	-87.694649	94.220177	-191.648570	0.700314	-0.115135	0.704489	0.000000
0.688700	74.000000	15186.000000	0.000000	55.000000	46.074608	67.939468	-171.002060	0.342956	-0.825810	-0.225868	0.386526	2.000000	119.000000								3.000000	119.000000								4.000000	119.000000								5.000000	119.000000								6.000000	55.000000								7.000000	119.000000								8.000000	55.000000	43.029545	64.979828	-196.762220	0.738536	0.671109	-0.064624	-0.000000	9.000000	55.000000	-44.722866	-47.065971	-96.064903	0.405158	0.905505	0.126127	-0.000000	10.000000	55.000000	-50.237350	-70.090942	-225.254880	0.948741	-0.144171	0.281257	0.000000	11.000000	55.000000								12.000000	119.000000								13.000000	55.000000	-84.605080	76.791969	-162.908360	0.681678	-0.096389	0.725275	0.000000	14.000000	55.000000	-83.753098	68.703468	-209.488270	0.741494	-0.172479	0.648412	0.000000	15.000000	55.000000	-87.620712	94.247765	-191.647980	0.700328	-0.114860	0.704520	0.000000
0.698700	75.000000	15407.000000	0.000000	55.000000	46.143322	67.896126	-170.985610	0.343200	-0.825861	-0.225599	0.386358	2.000000	119.000000								3.000000	119.000000								4.000000	119.000000								5.000000	119.000000								6.000000	55.000000								7.000000	119.000000								8.000000	55.000000	43.085918	64.978592	-196.747040	0.738454	0.671161	-0.065022	0.000000	9.000000	55.000000	-44.722115	-47.049736	-96.076256	0.405145	0.905546	0.125873	-0.000000	10.000000	55.000000	-50.295815	-70.063553	-225.292330	0.948688	-0.143910	0.281568	0.000000	11.000000	55.000000								12.000000	119.000000								13.000000	55.000000	-84.544785	76.798538	-162.909530	0.681682	-0.096013	0.725321	0.000000	14.000000	55.000000	-83.680367	68.792801	-209.505250	0.741567	-0.171955	0.648467	0.000000	15.000000	55.000000	-87.561806	94.303017	-191.708720	0.700325	-0.114413	0.704595	0.000000
0.708700	76.000000	15627.000000	0.000000	55.000000	46.199703	67.867851	-170.979160	0.342902	-0.826056	-0.225619	0.386193	2.000000	119.000000								3.000000	119.000000								4.000000	119.000000								5.000000	119.000000								6.000000	55.000000								7.000000	119.000000								8.000000	55.000000	43.158974	64.942123	-196.735320	0.738478	0.671099	-0.065386	-0.000000	9.000000	55.000000	-44.728638	-47.037037	-96.085091	0.405174	0.905582	0.125523	0.000000	10.000000	55.000000	-50.332706	-70.272034	-225.290890	0.948487	-0.144973	0.281702	0.000000	11.000000	55.000000								12.000000	119.000000								13.000000	55.000000	-84.500511	76.862358	-162.927190	0.681657	-0.095502	0.725413	-0.000000	14.000000	55.000000	-83.649780	68.858444	-209.512660	0.741503	-0.171524	0.648655	0.000000	15.000000	55.000000	-87.444283	94.219757	-191.719010	0.700392	-0.114172	0.704568	0.000000
0.718700	77.000000	15847.000000	0.000000	55.000000	46.262287	67.802116	-170.987780	0.342738	-0.826300	-0.225304	0.386000	2.000000	119.000000								3.000000	119.000000								4.000000	119.000000								5.000000	119.000000								6.000000	55.000000								7.000000	119.000000								8.000000	55.000000	43.178425	64.885239	-196.743040	0.738550	0.670990	-0.065700	0.000000	9.000000	55.000000	-44.732582	-47.025120	-96.101379	0.405236	0.905596	0.125220	0.000000	10.000000	55.000000	-50.311302	-70.313652	-225.243640	0.948472	-0.145161	0.281654	-0.000000	11.000000	55.000000								12.000000	119.000000								13.000000	55.000000	-84.467896	76.877411	-162.948040	0.681584	-0.095187	0.725522	-0.000000	14.000000	55.000000	-83.581863	68.715561	-209.551760	0.741473	-0.171521	0.648690	0.000000	15.000000	55.000000	-87.416389	94.339638	-191.781920	0.700341	-0.113745	0.704687	0.000000
0.728700	78.000000	16067.000000	0.000000	55.000000	46.312229	67.757721	-170.985900	0.342488	-0.826495	-0.225204	0.385864	2.000000	119.000000								3.000000	119.000000								4.000000	119.000000								5.000000	119.000000								6.000000	55.000000								7.000000	119.000000								8.000000	55.000000	43.241482	64.778206	-196.723650	0.738705	0.670774	-0.066161	0.000000	9.000000	55.000000	-44.757317	-47.007824	-96.102730	0.405260	0.905655	0.124715	0.000000	10.000000	55.000000	-50.444279	-70.166885	-225.303820	0.948412	-0.144256	0.282319	0.000000	11.000000	55.000000								12.000000	119.000000								13.000000	55.000000	-84.387596	76.878052	-162.984510	0.681652	-0.094829	0.725506	0.000000	14.000000	55.000000	-83.547256	68.871132	-209.630340	0.741487	-0.170965	0.648820	-0.000000	15.000000	55.000000	-87.265999	94.363647	-191.791530	0.700516	-0.113142	0.704610	0.000000
0.738700	79.000000	16288.000000	0.000000	55.000000	46.375694	67.722809	-170.973650	0.342003	-0.826807	-0.225187	0.385636	2.000000	119.000000								3.000000	119.000000								4.000000	119.000000								5.000000	119.000000								6.000000	55.000000								7.000000	119.000000								8.000000	55.000000	43.340302	64.718369	-196.717150	0.738759	0.670663	-0.066685	0.000000	9.000000	55.000000	-44.785126	-46.981297	-96.096352	0.405284	0.905736	0.124041	0.000000	10.000000	55.000000	-50.442650	-70.231819	-225.296890	0.948367	-0.144609	0.282292	0.000000	11.000000	55.000000								12.000000	119.000000								13.000000	55.000000	-84.308235	76.909088	-163.045390	0.681745	-0.094419	0.725471	0.000000	14.000000	55.000000	-83.515228	69.003365	-209.618270	0.741450	-0.170381	0.649017	0.000000	15.000000	55.000000	-87.204651	94.380692	-191.811600	0.700506	-0.112757	0.704683	0.000000
0.748700	80.000000	16508.000000	0.000000	55.000000	46.432167	67.715607	-170.965790	0.342312	-0.826768	-0.225061	0.385519	2.000000	119.000000								3.000000	119.000000								4.000000	119.000000								5.000000	119.000000								6.000000	55.000000								7.000000	119.000000								8.000000	55.000000	43.448532	64.694405	-196.660570	0.738728	0.670649	-0.067162	0.000000	9.000000	55.000000	-44.802917	-46.956093	-96.094170	0.405317	0.905801	0.123462	0.000000	10.000000	55.000000	-50.433357	-70.249977	-225.246170	0.948349	-0.144772	0.282269	-0.000000	11.000000	55.000000								12.000000	119.000000								13.000000	55.000000	-84.226471	76.979942	-163.078160	0.681824	-0.093826	0.725474	0.000000	14.000000	55.000000	-83.399551	69.014412	-209.625520	0.741545	-0.169981	0.649013	0.000000	15.000000	55.000000	-87.175018	94.314476	-191.852130	0.700426	-0.112660	0.704777	-0.000000
0.758600	81.000000	16728.000000	0.000000	55.000000	46.491344	67.652252	-170.971620	0.341575	-0.827240	-0.224955	0.385221	2.000000	119.000000								3.000000	119.000000								4.000000	119.000000								5.000000	119.000000								6.000000	55.000000								7.000000	119.000000								8.000000	55.000000	43.545589	64.673317	-196.625530	0.738682	0.670648	-0.067681	0.000000	9.000000	55.000000	-44.810215	-46.935295	-96.104843	0.405390	0.905812	0.123139	0.000000	10.000000	55.000000	-50.408932	-70.401260	-225.241330	0.948279	-0.145583	0.282086	-0.000000	11.000000	55.000000								12.000000	119.000000								13.000000	55.000000	-84.173500	77.113556	-163.131670	0.681883	-0.093187	0.725501	0.000000	14.000000	55.000000	-83.287086	69.235352	-209.692280	0.741769	-0.168932	0.649030	0.000000	15.000000	55.000000	-87.118805	94.304192	-191.923660	0.700418	-0.112433	0.704822	0.000000
0.768600	82.000000	16948.000000	0.000000	55.000000	46.533756	67.598877	-170.960250	0.341550	-0.827369	-0.224666	0.385135	2.000000	119.000000								3.000000	119.000000								4.000000	119.000000								5.000000	119.000000								6.000000	55.000000								7.000000	119.000000								8.000000	55.000000	43.579597	64.623085	-196.626680	0.738756	0.670527	-0.068066	0.000000	9.000000	55.000000	-44.825748	-46.910507	-96.113243	0.405439	0.905829	0.122855	-0.000000	10.000000	55.000000	-50.439682	-70.376801	-225.205900	0.948239	-0.145532	0.282246	-0.000000	11.000000	55.000000								12.000000	119.000000								13.000000	55.000000	-84.104424	77.184540	-163.165070	0.681964	-0.092623	0.725497	0.000000	14.000000	55.000000	-83.261566	69.312195	-209.710460	0.741722	-0.168518	0.649192	0.000000	15.000000	55.000000	-87.030945	94.347656	-191.935850	0.700478	-0.111956	0.704838	0.000000
0.778600	83.000000	17169.000000	0.000000	55.000000	46.574654	67.584404	-170.960050	0.341263	-0.827583	-0.224644	0.384942	2.000000	119.000000								3.000000	119.000000								4.000000	119.000000								5.000000	119.000000								6.000000	55.000000								7.000000	119.000000								8.000000	55.000000	43.667542	64.605408	-196.615330	0.738740	0.670491	-0.068591	0.000000	9.000000	55.000000	-44.829872	-46.886982	-96.130554	0.405496	0.905826	0.122687	-0.000000	10.000000	55.000000	-50.468697	-70.138062	-225.225010	0.948346	-0.144310	0.282514	0.000000	11.000000	55.000000								12.000000	119.000000								13.000000	55.000000	-84.065697	77.214531	-163.195690	0.681974	-0.092263	0.725534	-0.000000	14.000000	55.000000	-83.227142	69.391136	-209.823780	0.741769	-0.168066	0.649255	0.000000	15.000000	55.000000	-86.982300	94.317688	-191.991730	0.700494	-0.111711	0.704861	-0.000000
0.788600	84.000000	17389.000000	0.000000	55.000000	46.599674	67.584160	-170.945650	0.341517	-0.827544	-0.224492	0.384889	2.000000	119.000000								3.000000	119.000000								4.000000	119.000000								5.000000	119.000000								6.000000	55.000000								7.000000	119.000000								8.000000	55.000000	43.703671	64.617256	-196.605910	0.738674	0.670529	-0.068924	0.000000	9.000000	55.000000	-44.843594	-46.862045	-96.133751	0.405557	0.905824	0.122498	-0.000000	10.000000	55.000000	-50.494202	-70.167534	-225.215300	0.948298	-0.144533	0.282563	0.000000	11.000000	55.000000								12.000000	119.000000								13.000000	55.000000	-84.004051	77.227661	-163.218860	0.682058	-0.091903	0.725501	-0.000000	14.000000	55.000000	-83.135902	69.402603	-209.821730	0.741871	-0.167671	0.649241	0.000000	15.000000	55.000000	-86.955856	94.403427	-192.028240	0.700488	-0.111310	0.704930	0.000000
0.798600	85.000000	17610.000000	0.000000	55.000000	46.632198	67.610466	-170.934890	0.341697	-0.827548	-0.224514	0.384710	2.000000	119.000000								3.000000	119.000000								4.000000	119.000000								5.000000	119.000000								6.000000	55.000000								7.000000	119.000000								8.000000	55.000000	43.748692	64.575676	-196.611570	0.738759	0.670406	-0.069225	0.000000	9.000000	55.000000	-44.876728	-46.835663	-96.136230	0.405609	0.905841	0.122205	-0.000000	10.000000	55.000000	-50.455814	-70.256317	-225.202090	0.948296	-0.145139	0.282258	0.000000	11.000000	55.000000								12.000000	119.000000								13.000000	55.000000	-83.951859	77.260674	-163.251560	0.682178	-0.091576	0.725429	0.000000	14.000000	55.000000	-83.109131	69.387177	-209.844560	0.741879	-0.167567	0.649259	-0.000000	15.000000	55.000000	-86.913994	94.401505	-192.022420	0.700494	-0.111059	0.704964	0.000000
0.808600	86.000000	17830.000000	0.000000	55.000000	46.647453	67.635246	-170.923920	0.341841	-0.827551	-0.224465	0.384603	2.000000	119.000000								3.000000	119.000000								4.000000	119.000000								5.000000	119.000000								6.000000	55.000000								7.000000	119.000000								8.000000	55.000000	43.734913	64.556961	-196.627620	0.738811	0.670329	-0.069414	0.000000	9.000000	55.000000	-44.898838	-46.804131	-96.144775	0.405619	0.905850	0.122103	0.000000	10.000000	55.000000	-50.442783	-70.180244	-225.234360	0.948404	-0.144726	0.282107	0.000000	11.000000	55.000000								12.000000	119.000000								13.000000	55.000000	-83.916489	77.302742	-163.320830	0.682305	-0.091329	0.725340	0.000000	14.000000	55.000000	-83.041183	69.425461	-209.913770	0.742032	-0.167213	0.649175	-0.000000	15.000000	55.000000	-86.870461	94.400757	-192.026730	0.700583	-0.110866	0.704906	0.000000
0.818600	87.000000	18051.000000	0.000000	55.000000	46.660896	67.691750	-170.908720	0.342511	-0.827336	-0.224372	0.384522	2.000000	119.000000								3.000000	119.000000								4.000000	119.000000								5.000000	119.000000								6.000000	55.000000								7.000000	119.000000								8.000000	55.000000	43.779202	64.621590	-196.604220	0.738682	0.670447	-0.069633	-0.000000	9.000000	55.000000	-44.927132	-46.770458	-96.154144	0.405609	0.905843	0.122190	-0.000000	10.000000	55.000000	-50.481602	-70.049881	-225.297500	0.948462	-0.144207	0.282176	-0.000000	11.000000	55.000000								12.000000	119.000000								13.000000	55.000000	-83.885544	77.368324	-163.354160	0.682465	-0.091051	0.725225	0.000000	14.000000	55.000000	-83.006821	69.571136	-209.959750	0.742215	-0.166876	0.649053	0.000000	15.000000	55.000000	-86.818314	94.415840	-192.047000	0.700741	-0.110694	0.704776	0.000000
0.828600	88.000000	18271.000000	0.000000	55.000000	46.649029	67.745956	-170.901170	0.342908	-0.827171	-0.224374	0.384524	2.000000	119.000000								3.000000	119.000000								4.000000	119.000000								5.000000	119.000000								6.000000	55.000000								7.000000	119.000000								8.000000	55.000000	43.798145	64.714417	-196.619460	0.738554	0.670578	-0.069732	0.000000	9.000000	55.000000	-44.945480	-46.722286	-96.158752	0.405559	0.905853	0.122280	-0.000000	10.000000	55.000000	-50.361347	-70.078537	-225.273880	0.948604	-0.144643	0.281478	0.000000	11.000000	55.000000								12.000000	119.000000								13.000000	55.000000	-83.945824	77.496483	-163.386760	0.682433	-0.090905	0.725274	-0.000000	14.000000	55.000000	-83.002892	69.607819	-210.047780	0.742327	-0.166826	0.648938	-0.000000	15.000000	55.000000	-86.874557	94.413818	-192.116180	0.700709	-0.110917	0.704773	0.000000
0.838600	89.000000	18491.000000	0.000000	55.000000	46.612324	67.810432	-170.916200	0.343540	-0.826897	-0.224252	0.384620	2.000000	119.000000								3.000000	119.000000								4.000000	119.000000								5.000000	119.000000								6.000000	55.000000								7.000000	119.000000								8.000000	55.000000	43.753777	64.800598	-196.592760	0.738479	0.670669	-0.069653	-0.000000	9.000000	55.000000	-45.041466	-46.916195	-96.215744	0.407041	0.904976	0.123838	0.000000	10.000000	55.000000	-50.357635	-69.996620	-225.304520	0.948660	-0.144412	0.281407	0.000000	11.000000	55.000000								12.000000	119.000000								13.000000	55.000000	-83.989204	77.538376	-163.426090	0.682484	-0.090992	0.725215	0.000000	14.000000	55.000000	-83.032646	69.629280	-210.139860	0.742399	-0.167027	0.648804	-0.000000	15.000000	55.000000	-86.853897	94.439087	-192.117430	0.700844	-0.110805	0.704656	-0.000000
0.848600	90.000000	18711.000000	0.000000	55.000000	46.528770	67.910065	-170.937810	0.343747	-0.826701	-0.224378	0.384781	2.000000	119.000000								3.000000	119.000000								4.000000	119.000000								5.000000	119.000000								6.000000	55.000000								7.000000	119.000000								8.000000	55.000000	43.661789	64.882256	-196.638850	0.738502	0.670674	-0.069360	0.000000	9.000000	55.000000	-45.107857	-46.412907	-96.159500	0.405377	0.905585	0.124839	-0.000000	10.000000	55.000000	-50.364315	-69.979279	-225.318920	0.948658	-0.144668	0.281280	0.000000	11.000000	55.000000								12.000000	119.000000								13.000000	55.000000	-84.518921	77.307907	-162.885800	0.681407	-0.094220	0.725815	-0.000000	14.000000	55.000000	-83.178574	69.738861	-210.248830	0.742310	-0.167352	0.648822	-0.000000	15.000000	55.000000	-86.950768	94.557693	-192.194340	0.700885	-0.110998	0.704585	0.000000
0.858600	91.000000	18932.000000	0.000000	55.000000	46.438526	68.056320	-170.964070	0.343938	-0.826479	-0.224670	0.384920	2.000000	119.000000								3.000000	119.000000								4.000000	119.000000								5.000000	119.000000								6.000000	55.000000								7.000000	119.000000								8.000000	55.000000	43.541431	64.972664	-196.649660	0.738573	0.670646	-0.068873	0.000000	9.000000	55.000000	-44.988384	-46.266987	-96.216873	0.405183	0.905392	0.126853	0.000000	10.000000	55.000000	-50.423557	-69.887810	-225.359510	0.948606	-0.144538	0.281523	-0.000000	11.000000	55.000000								12.000000	119.000000								13.000000	55.000000	-84.941605	77.508095	-163.349760	0.681768	-0.095559	0.725301	0.000000	14.000000	55.000000	-83.228676	69.611580	-210.230240	0.742314	-0.168074	0.648631	0.000000	15.000000	55.000000	-87.062088	94.633812	-192.249420	0.700933	-0.111368	0.704479	0.000000
0.868600	92.000000	19152.000000	0.000000	55.000000	46.228489	67.875359	-171.308460	0.325369	-0.833856	-0.227071	0.383742	2.000000	119.000000								3.000000	119.000000								4.000000	119.000000								5.000000	119.000000								6.000000	55.000000								7.000000	119.000000								8.000000	55.000000	42.702847	64.988556	-197.676270	0.740830	0.668572	-0.064673	-0.000000	9.000000	55.000000	-45.088436	-46.195789	-96.244949	0.405568	0.905189	0.127072	0.000000	10.000000	55.000000	-50.396778	-69.771484	-225.398090	0.948711	-0.144491	0.281195	0.000000	11.000000	55.000000								12.000000	119.000000								13.000000	55.000000	-85.224174	77.779984	-163.407550	0.681757	-0.096725	0.725156	0.000000	14.000000	55.000000	-83.310173	69.678757	-210.336840	0.742488	-0.168556	0.648306	0.000000	15.000000	55.000000	-87.252640	94.543808	-192.321750	0.700867	-0.112419	0.704377	0.000000
0.878500	93.000000	19372.000000	0.000000	55.000000	45.955269	68.479965	-171.127760	0.340633	-0.826614	-0.226422	0.386538	2.000000	119.000000								3.000000	119.000000								4.000000	119.000000								5.000000	119.000000								6.000000	55.000000								7.000000	119.000000								8.000000	55.000000	42.002754	65.986641	-197.179020	0.739743	0.670113	-0.061073	0.000000	9.000000	55.000000	-45.023952	-46.037090	-96.279503	0.405778	0.904828	0.128961	0.000000	10.000000	55.000000	-50.452549	-69.844887	-225.387410	0.948534	-0.145538	0.281252	0.000000	11.000000	55.000000								12.000000	119.000000								13.000000	55.000000	-85.608185	77.838310	-163.464200	0.681552	-0.098737	0.725078	0.000000	14.000000	55.000000	-83.482658	69.754257	-210.414250	0.742486	-0.169294	0.648115	0.000000	15.000000	55.000000	-87.481567	94.647118	-192.361100	0.700795	-0.113166	0.704329	0.000000
0.888500	94.000000	19592.000000	0.000000	55.000000	44.935341	69.298096	-171.453550	0.343781	-0.824054	-0.226650	0.389075	2.000000	119.000000								3.000000	119.000000								4.000000	119.000000								5.000000	119.000000								6.000000	55.000000								7.000000	119.000000								8.000000	55.000000	41.688805	66.673828	-196.849500	0.738802	0.671294	-0.059464	-0.000000	9.000000	55.000000	-44.962765	-45.852287	-96.231918	0.405685	0.904536	0.131283	0.000000	10.000000	55.000000	-50.389187	-69.727905	-225.424120	0.948630	-0.145722	0.280831	0.000000	11.000000	55.000000								12.000000	119.000000								13.000000	55.000000	-86.075623	77.507355	-163.444760	0.681031	-0.102325	0.725070	-0.000000	14.000000	55.000000	-83.685570	69.727676	-210.594960	0.742530	-0.170565	0.647732	-0.000000	15.000000	55.000000	-89.085312	93.976486	-190.913270	0.698017	-0.121364	0.705721	0.000000
0.898500	95.000000	19813.000000	0.000000	55.000000	44.302250	70.123260	-171.679960	0.339459	-0.824661	-0.230397	0.389383	2.000000	119.000000								3.000000	119.000000								4.000000	119.000000								5.000000	119.000000								6.000000	55.000000								7.000000	119.000000								8.000000	55.000000	41.303810	66.943161	-197.097310	0.739378	0.670829	-0.057523	0.000000	9.000000	55.000000	-44.968048	-45.701691	-96.248337	0.405913	0.904143	0.133266	0.000000	10.000000	55.000000	-50.467228	-69.581436	-225.453840	0.948562	-0.145743	0.281051	-0.000000	11.000000	55.000000								12.000000	119.000000								13.000000	55.000000	-86.533134	77.361595	-163.566710	0.680813	-0.105421	0.724831	0.000000	14.000000	55.000000	-85.662445	69.363632	-208.620240	0.738566	-0.178450	0.650136	-0.000000	15.000000	55.000000	-89.979218	94.730980	-192.217620	0.699162	-0.124506	0.704038	0.000000
0.908500	96.000000	20033.000000	0.000000	55.000000	43.756939	70.644295	-171.839250	0.334850	-0.825498	-0.233236	0.389909	2.000000	119.000000								3.000000	119.000000								4.000000	119.000000								5.000000	119.000000								6.000000	55.000000								7.000000	119.000000								8.000000	55.000000	40.582413	67.337517	-197.363400	0.739809	0.670619	-0.054330	0.000000	9.000000	55.000000	-44.934605	-45.594513	-96.335709	0.406343	0.903455	0.136581	0.000000	10.000000	55.000000	-50.450703	-69.485252	-225.417280	0.948530	-0.146360	0.280836	-0.000000	11.000000	55.000000								12.000000	119.000000								13.000000	55.000000	-87.108177	77.418747	-163.556670	0.680437	-0.108503	0.724729	0.000000	14.000000	55.000000	-86.123215	69.814430	-210.796490	0.740928	-0.182461	0.646323	0.000000	15.000000	55.000000	-90.524788	94.979546	-192.547810	0.699358	-0.127110	0.703379	0.000000
0.918500	97.000000	20254.000000	0.000000	55.000000	43.077969	71.176682	-171.967070	0.335564	-0.823777	-0.234772	0.392009	2.000000	119.000000								3.000000	119.000000								4.000000	119.000000								5.000000	119.000000								6.000000	55.000000								7.000000	119.000000								8.000000	55.000000	40.239655	67.980156	-197.568420	0.739675	0.670981	-0.051623	-0.000000	9.000000	55.000000	-44.773586	-45.459930	-96.368042	0.406820	0.902557	0.141023	0.000000	10.000000	55.000000	-50.446800	-69.567772	-225.396070	0.948371	-0.147968	0.280533	-0.000000	11.000000	55.000000								12.000000	119.000000								13.000000	55.000000	-87.774513	77.309914	-163.410920	0.679790	-0.111527	0.724877	-0.000000	14.000000	55.000000	-86.859756	69.582680	-210.326740	0.739951	-0.186164	0.646386	-0.000000	15.000000	55.000000	-91.324425	94.638779	-192.691330	0.698587	-0.130363	0.703549	0.000000
0.928500	98.000000	20474.000000	0.000000	55.000000	42.415295	71.852280	-172.026440	0.336732	-0.822344	-0.235964	0.393297	2.000000	119.000000								3.000000	119.000000								4.000000	119.000000								5.000000	119.000000								6.000000	55.000000								7.000000	119.000000								8.000000	55.000000	39.576683	68.718590	-197.748860	0.739390	0.671537	-0.048384	0.000000	9.000000	55.000000	-44.736828	-45.353020	-96.427261	0.407532	0.901745	0.144129	0.000000	10.000000	55.000000	-51.129932	-69.229309	-225.549500	0.947211	-0.149939	0.283388	0.000000	11.000000	55.000000								12.000000	119.000000								13.000000	55.000000	-88.427849	77.165154	-163.476440	0.679557	-0.116136	0.724372	-0.000000	14.000000	55.000000	-87.692818	69.402596	-210.297530	0.739298	-0.190414	0.645896	0.000000	15.000000	55.000000	-91.741730	93.935722	-192.563400	0.699052	-0.135025	0.702207	0.000000
0.938500	99.000000	20695.000000	0.000000	55.000000	41.752895	72.404884	-172.337940	0.334627	-0.822103	-0.237424	0.394717	2.000000	119.000000								3.000000	119.000000								4.000000	119.000000								5.000000	119.000000								6.000000	55.000000								7.000000	119.000000								8.000000	55.000000	38.543945	69.303040	-197.840420	0.739541	0.671703	-0.043523	-0.000000	9.000000	55.000000	-44.694069	-45.208580	-96.494728	0.408126	0.900866	0.147901	-0.000000	10.000000	55.000000	-50.605827	-68.388237	-225.508350	0.948050	-0.151017	0.279993	-0.000000	11.000000	55.000000								12.000000	119.000000								13.000000	55.000000	-89.252998	76.970604	-163.525160	0.679016	-0.121167	0.724055	0.000000	14.000000	55.000000	-88.179779	69.080193	-210.348720	0.739531	-0.193848	0.644606	0.000000	15.000000	55.000000	-92.706665	93.840981	-192.441160	0.698333	-0.139212	0.702104	-0.000000
0.948500	100.000000	20915.000000	0.000000	55.000000	40.854557	73.119812	-172.390340	0.334102	-0.820602	-0.240011	0.396715	2.000000	119.000000								3.000000	119.000000								4.000000	119.000000								5.000000	119.000000								6.000000	55.000000								7.000000	119.000000								8.000000	55.000000	38.159447	70.043083	-197.908140	0.739429	0.672032	-0.040233	-0.000000	9.000000	55.000000	-44.707653	-44.979107	-96.439041	0.408308	0.900251	0.151104	0.000000	10.000000	55.000000	-50.393837	-69.266975	-225.451510	0.947498	-0.157938	0.278034	0.000000	11.000000	55.000000								12.000000	119.000000								13.000000	55.000000	-90.098396	76.910805	-163.461210	0.678615	-0.125870	0.723629	0.000000	14.000000	55.000000	-88.930717	68.641678	-209.778180	0.738815	-0.198355	0.644055	0.000000	15.000000	55.000000	-93.936867	94.267914	-192.798830	0.697818	-0.143617	0.701729	0.000000
0.958500	101.000000	21135.000000	0.000000	55.000000	40.189571	74.017296	-172.431350	0.336811	-0.818357	-0.241907	0.397909	2.000000	119.000000								3.000000	119.000000								4.000000	119.000000								5.000000	119.000000								6.000000	55.000000								7.000000	119.000000								8.000000	55.000000	37.185375	70.538109	-198.329220	0.740287	0.671371	-0.035157	0.000000	9.000000	55.000000	-44.690742	-44.766956	-96.409935	0.408511	0.899473	0.155137	0.000000	10.000000	55.000000	-49.712887	-70.215805	-225.336150	0.947615	-0.165444	0.273230	0.000000	11.000000	55.000000								12.000000	119.000000								13.000000	55.000000	-91.093857	77.147369	-163.694870	0.678162	-0.130024	0.723318	-0.000000	14.000000	55.000000	-89.905853	68.707466	-209.957370	0.738426	-0.202929	0.643076	0.000000	15.000000	55.000000	-95.081528	93.886612	-192.900510	0.697353	-0.149309	0.701003	-0.000000
0.968500	102.000000	21355.000000	0.000000	55.000000	39.244720	74.721870	-172.643260	0.332774	-0.818546	-0.244949	0.399052	2.000000	119.000000								3.000000	119.000000								4.000000	119.000000								5.000000	119.000000								6.000000	55.000000								7.000000	119.000000								8.000000	55.000000	36.326096	71.716537	-198.057450	0.739128	0.672893	-0.030084	-0.000000	9.000000	55.000000	-44.661072	-44.584717	-96.440727	0.408886	0.898490	0.159773	-0.000000	10.000000	55.000000	-50.067406	-69.016052	-225.564410	0.947905	-0.161038	0.274849	-0.000000	11.000000	55.000000								12.000000	119.000000								13.000000	55.000000	-91.771286	76.557961	-163.622800	0.678374	-0.136159	0.721990	0.000000	14.000000	55.000000	-90.979248	68.760170	-210.355640	0.738291	-0.207816	0.641668	0.000000	15.000000	55.000000	-96.183693	93.019470	-192.594070	0.696555	-0.155961	0.700348	-0.000000
0.978500	103.000000	21576.000000	0.000000	55.000000	38.149757	75.644333	-172.862530	0.331608	-0.816848	-0.248227	0.401471	2.000000	119.000000								3.000000	119.000000								4.000000	119.000000								5.000000	119.000000								6.000000	55.000000								7.000000	119.000000								8.000000	55.000000	35.048847	72.358406	-198.218340	0.739903	0.672312	-0.023258	-0.000000	9.000000	55.000000	-44.571449	-44.527233	-96.512733	0.409862	0.897051	0.165266	-0.000000	10.000000	55.000000	-50.576958	-67.799339	-225.839040	0.947801	-0.157018	0.277521	0.000000	11.000000	55.000000								12.000000	119.000000								13.000000	55.000000	-92.839989	76.057190	-163.640460	0.677868	-0.142732	0.721195	0.000000	14.000000	55.000000	-91.940956	68.510239	-209.773420	0.737628	-0.213560	0.640545	0.000000	15.000000	55.000000	-97.521416	92.564430	-191.797970	0.695252	-0.162010	0.700270	0.000000
0.988500	104.000000	21796.000000	0.000000	55.000000	36.996265	76.594444	-172.820480	0.327361	-0.816405	-0.253101	0.402812	2.000000	119.000000								3.000000	119.000000								4.000000	119.000000								5.000000	119.000000								6.000000	55.000000								7.000000	119.000000								8.000000	55.000000	33.718342	73.033974	-198.788860	0.740616	0.671721	-0.016721	-0.000000	9.000000	55.000000	-44.530357	-44.287392	-96.490425	0.409902	0.896189	0.169779	-0.000000	10.000000	55.000000	-49.958633	-67.649132	-225.386950	0.948193	-0.159712	0.274631	-0.000000	11.000000	55.000000								12.000000	119.000000								13.000000	55.000000	-94.100258	76.195686	-163.355030	0.677038	-0.148883	0.720731	0.000000	14.000000	55.000000	-93.392853	67.561867	-209.834810	0.736364	-0.220848	0.639526	0.000000	15.000000	55.000000	-98.741531	92.307281	-192.120770	0.695297	-0.168140	0.698778	0.000000
0.998500	105.000000	22016.000000	0.000000	55.000000	35.596722	77.568428	-172.860930	0.326413	-0.813965	-0.257303	0.405844	2.000000	119.000000								3.000000	119.000000								4.000000	119.000000								5.000000	119.000000								6.000000	55.000000								7.000000	119.000000								8.000000	55.000000	32.743385	73.885315	-198.687330	0.740353	0.672123	-0.011310	0.000000	9.000000	55.000000	-44.512802	-44.225353	-96.496452	0.410567	0.894822	0.175292	-0.000000	10.000000	55.000000	-49.670349	-67.836700	-225.446520	0.948395	-0.162767	0.272130	-0.000000	11.000000	55.000000								12.000000	119.000000								13.000000	55.000000	-95.314522	75.534279	-163.157240	0.676212	-0.156574	0.719877	0.000000	14.000000	55.000000	-94.666328	68.315857	-209.822040	0.736355	-0.225582	0.637882	0.000000	15.000000	55.000000	-100.541080	92.933342	-192.406570	0.694584	-0.174032	0.698044	-0.000000
1.018500	107.000000	22457.000000	0.000000	55.000000	33.157440	79.368805	-173.256610	0.319543	-0.812413	-0.265545	0.409101	2.000000	119.000000								3.000000	119.000000								4.000000	119.000000								5.000000	119.000000								6.000000	55.000000								7.000000	119.000000								8.000000	55.000000	29.981869	75.830116	-198.956670	0.740016	0.672581	0.003461	-0.000000	9.000000	55.000000	-44.319054	-43.870182	-96.532013	0.410510	0.891924	0.189614	0.000000	10.000000	55.000000	-49.739933	-68.302696	-225.716220	0.947925	-0.170786	0.268833	0.000000	11.000000	55.000000								12.000000	119.000000								13.000000	55.000000	-97.859818	75.240334	-163.217650	0.675409	-0.170304	0.717509	0.000000	14.000000	55.000000	-97.138542	66.916016	-210.232960	0.735425	-0.239871	0.633729	0.000000	15.000000	55.000000	-103.466310	91.919357	-192.206380	0.693545	-0.188300	0.695369	-0.000000
